"target","Frequency","AngleOfAttack","ChordLength","FreeStreamVelocity","Suction"
126201,800,0,0.3048,71.3,0.00266337
125201,1000,0,0.3048,71.3,0.00266337
125951,1250,0,0.3048,71.3,0.00266337
127591,1600,0,0.3048,71.3,0.00266337
127461,2000,0,0.3048,71.3,0.00266337
125571,2500,0,0.3048,71.3,0.00266337
125201,3150,0,0.3048,71.3,0.00266337
123061,4000,0,0.3048,71.3,0.00266337
121301,5000,0,0.3048,71.3,0.00266337
119541,6300,0,0.3048,71.3,0.00266337
117151,8000,0,0.3048,71.3,0.00266337
115391,10000,0,0.3048,71.3,0.00266337
112241,12500,0,0.3048,71.3,0.00266337
108721,16000,0,0.3048,71.3,0.00266337
126416,500,0,0.3048,55.5,0.00283081
127696,630,0,0.3048,55.5,0.00283081
128086,800,0,0.3048,55.5,0.00283081
126966,1000,0,0.3048,55.5,0.00283081
126086,1250,0,0.3048,55.5,0.00283081
126986,1600,0,0.3048,55.5,0.00283081
126616,2000,0,0.3048,55.5,0.00283081
124106,2500,0,0.3048,55.5,0.00283081
123236,3150,0,0.3048,55.5,0.00283081
121106,4000,0,0.3048,55.5,0.00283081
119606,5000,0,0.3048,55.5,0.00283081
117976,6300,0,0.3048,55.5,0.00283081
116476,8000,0,0.3048,55.5,0.00283081
113076,10000,0,0.3048,55.5,0.00283081
111076,12500,0,0.3048,55.5,0.00283081
118129,200,0,0.3048,39.6,0.00310138
119319,250,0,0.3048,39.6,0.00310138
122779,315,0,0.3048,39.6,0.00310138
124809,400,0,0.3048,39.6,0.00310138
126959,500,0,0.3048,39.6,0.00310138
128629,630,0,0.3048,39.6,0.00310138
129099,800,0,0.3048,39.6,0.00310138
127899,1000,0,0.3048,39.6,0.00310138
125499,1250,0,0.3048,39.6,0.00310138
124049,1600,0,0.3048,39.6,0.00310138
123689,2000,0,0.3048,39.6,0.00310138
121399,2500,0,0.3048,39.6,0.00310138
120319,3150,0,0.3048,39.6,0.00310138
119229,4000,0,0.3048,39.6,0.00310138
117789,5000,0,0.3048,39.6,0.00310138
116229,6300,0,0.3048,39.6,0.00310138
114779,8000,0,0.3048,39.6,0.00310138
112139,10000,0,0.3048,39.6,0.00310138
109619,12500,0,0.3048,39.6,0.00310138
117195,200,0,0.3048,31.7,0.00331266
118595,250,0,0.3048,31.7,0.00331266
122765,315,0,0.3048,31.7,0.00331266
125045,400,0,0.3048,31.7,0.00331266
127315,500,0,0.3048,31.7,0.00331266
129095,630,0,0.3048,31.7,0.00331266
129235,800,0,0.3048,31.7,0.00331266
127365,1000,0,0.3048,31.7,0.00331266
124355,1250,0,0.3048,31.7,0.00331266
122365,1600,0,0.3048,31.7,0.00331266
122375,2000,0,0.3048,31.7,0.00331266
120755,2500,0,0.3048,31.7,0.00331266
119135,3150,0,0.3048,31.7,0.00331266
118145,4000,0,0.3048,31.7,0.00331266
115645,5000,0,0.3048,31.7,0.00331266
113775,6300,0,0.3048,31.7,0.00331266
110515,8000,0,0.3048,31.7,0.00331266
108265,10000,0,0.3048,31.7,0.00331266
127122,800,1.5,0.3048,71.3,0.00336729
125992,1000,1.5,0.3048,71.3,0.00336729
125872,1250,1.5,0.3048,71.3,0.00336729
126632,1600,1.5,0.3048,71.3,0.00336729
126642,2000,1.5,0.3048,71.3,0.00336729
124512,2500,1.5,0.3048,71.3,0.00336729
123392,3150,1.5,0.3048,71.3,0.00336729
121762,4000,1.5,0.3048,71.3,0.00336729
119632,5000,1.5,0.3048,71.3,0.00336729
118122,6300,1.5,0.3048,71.3,0.00336729
115372,8000,1.5,0.3048,71.3,0.00336729
113492,10000,1.5,0.3048,71.3,0.00336729
109222,12500,1.5,0.3048,71.3,0.00336729
106582,16000,1.5,0.3048,71.3,0.00336729
121851,315,1.5,0.3048,39.6,0.00392107
124001,400,1.5,0.3048,39.6,0.00392107
126661,500,1.5,0.3048,39.6,0.00392107
128311,630,1.5,0.3048,39.6,0.00392107
128831,800,1.5,0.3048,39.6,0.00392107
127581,1000,1.5,0.3048,39.6,0.00392107
125211,1250,1.5,0.3048,39.6,0.00392107
122211,1600,1.5,0.3048,39.6,0.00392107
122101,2000,1.5,0.3048,39.6,0.00392107
120981,2500,1.5,0.3048,39.6,0.00392107
119111,3150,1.5,0.3048,39.6,0.00392107
117741,4000,1.5,0.3048,39.6,0.00392107
116241,5000,1.5,0.3048,39.6,0.00392107
114751,6300,1.5,0.3048,39.6,0.00392107
112251,8000,1.5,0.3048,39.6,0.00392107
108991,10000,1.5,0.3048,39.6,0.00392107
106111,12500,1.5,0.3048,39.6,0.00392107
127564,400,3,0.3048,71.3,0.00425727
128454,500,3,0.3048,71.3,0.00425727
129354,630,3,0.3048,71.3,0.00425727
129494,800,3,0.3048,71.3,0.00425727
129004,1000,3,0.3048,71.3,0.00425727
127634,1250,3,0.3048,71.3,0.00425727
126514,1600,3,0.3048,71.3,0.00425727
125524,2000,3,0.3048,71.3,0.00425727
124024,2500,3,0.3048,71.3,0.00425727
121514,3150,3,0.3048,71.3,0.00425727
120264,4000,3,0.3048,71.3,0.00425727
118134,5000,3,0.3048,71.3,0.00425727
116134,6300,3,0.3048,71.3,0.00425727
114634,8000,3,0.3048,71.3,0.00425727
110224,10000,3,0.3048,71.3,0.00425727
126159,400,3,0.3048,55.5,0.00452492
128179,500,3,0.3048,55.5,0.00452492
129569,630,3,0.3048,55.5,0.00452492
129949,800,3,0.3048,55.5,0.00452492
129329,1000,3,0.3048,55.5,0.00452492
127329,1250,3,0.3048,55.5,0.00452492
124439,1600,3,0.3048,55.5,0.00452492
123069,2000,3,0.3048,55.5,0.00452492
122439,2500,3,0.3048,55.5,0.00452492
120189,3150,3,0.3048,55.5,0.00452492
118689,4000,3,0.3048,55.5,0.00452492
117309,5000,3,0.3048,55.5,0.00452492
115679,6300,3,0.3048,55.5,0.00452492
113799,8000,3,0.3048,55.5,0.00452492
112169,10000,3,0.3048,55.5,0.00452492
123312,315,3,0.3048,39.6,0.00495741
125472,400,3,0.3048,39.6,0.00495741
127632,500,3,0.3048,39.6,0.00495741
129292,630,3,0.3048,39.6,0.00495741
129552,800,3,0.3048,39.6,0.00495741
128312,1000,3,0.3048,39.6,0.00495741
125802,1250,3,0.3048,39.6,0.00495741
122782,1600,3,0.3048,39.6,0.00495741
120532,2000,3,0.3048,39.6,0.00495741
120162,2500,3,0.3048,39.6,0.00495741
118922,3150,3,0.3048,39.6,0.00495741
116792,4000,3,0.3048,39.6,0.00495741
115792,5000,3,0.3048,39.6,0.00495741
114042,6300,3,0.3048,39.6,0.00495741
110652,8000,3,0.3048,39.6,0.00495741
123118,315,3,0.3048,31.7,0.00529514
125398,400,3,0.3048,31.7,0.00529514
127548,500,3,0.3048,31.7,0.00529514
128698,630,3,0.3048,31.7,0.00529514
128708,800,3,0.3048,31.7,0.00529514
126838,1000,3,0.3048,31.7,0.00529514
124838,1250,3,0.3048,31.7,0.00529514
122088,1600,3,0.3048,31.7,0.00529514
120088,2000,3,0.3048,31.7,0.00529514
119598,2500,3,0.3048,31.7,0.00529514
118108,3150,3,0.3048,31.7,0.00529514
115608,4000,3,0.3048,31.7,0.00529514
113858,5000,3,0.3048,31.7,0.00529514
109718,6300,3,0.3048,31.7,0.00529514
126395,250,4,0.3048,71.3,0.00497773
128175,315,4,0.3048,71.3,0.00497773
129575,400,4,0.3048,71.3,0.00497773
130715,500,4,0.3048,71.3,0.00497773
131615,630,4,0.3048,71.3,0.00497773
131755,800,4,0.3048,71.3,0.00497773
131015,1000,4,0.3048,71.3,0.00497773
129395,1250,4,0.3048,71.3,0.00497773
126645,1600,4,0.3048,71.3,0.00497773
124395,2000,4,0.3048,71.3,0.00497773
123775,2500,4,0.3048,71.3,0.00497773
121775,3150,4,0.3048,71.3,0.00497773
119535,4000,4,0.3048,71.3,0.00497773
117785,5000,4,0.3048,71.3,0.00497773
116165,6300,4,0.3048,71.3,0.00497773
113665,8000,4,0.3048,71.3,0.00497773
110905,10000,4,0.3048,71.3,0.00497773
107405,12500,4,0.3048,71.3,0.00497773
123543,250,4,0.3048,39.6,0.00579636
126843,315,4,0.3048,39.6,0.00579636
128633,400,4,0.3048,39.6,0.00579636
130173,500,4,0.3048,39.6,0.00579636
131073,630,4,0.3048,39.6,0.00579636
130723,800,4,0.3048,39.6,0.00579636
128723,1000,4,0.3048,39.6,0.00579636
126343,1250,4,0.3048,39.6,0.00579636
123213,1600,4,0.3048,39.6,0.00579636
120963,2000,4,0.3048,39.6,0.00579636
120233,2500,4,0.3048,39.6,0.00579636
118743,3150,4,0.3048,39.6,0.00579636
115863,4000,4,0.3048,39.6,0.00579636
113733,5000,4,0.3048,39.6,0.00579636
128144,1250,0,0.2286,71.3,0.00214345
129134,1600,0,0.2286,71.3,0.00214345
128244,2000,0,0.2286,71.3,0.00214345
128354,2500,0,0.2286,71.3,0.00214345
127834,3150,0,0.2286,71.3,0.00214345
125824,4000,0,0.2286,71.3,0.00214345
124304,5000,0,0.2286,71.3,0.00214345
122044,6300,0,0.2286,71.3,0.00214345
118024,8000,0,0.2286,71.3,0.00214345
118134,10000,0,0.2286,71.3,0.00214345
117624,12500,0,0.2286,71.3,0.00214345
114984,16000,0,0.2286,71.3,0.00214345
114474,20000,0,0.2286,71.3,0.00214345
119.54,315,0,0.2286,55.5,0.00229336
121.66,400,0,0.2286,55.5,0.00229336
123.78,500,0,0.2286,55.5,0.00229336
126.16,630,0,0.2286,55.5,0.00229336
127.53,800,0,0.2286,55.5,0.00229336
128.29,1000,0,0.2286,55.5,0.00229336
127.91,1250,0,0.2286,55.5,0.00229336
126.79,1600,0,0.2286,55.5,0.00229336
126.54,2000,0,0.2286,55.5,0.00229336
126.54,2500,0,0.2286,55.5,0.00229336
125.16,3150,0,0.2286,55.5,0.00229336
123.41,4000,0,0.2286,55.5,0.00229336
122.41,5000,0,0.2286,55.5,0.00229336
118.41,6300,0,0.2286,55.5,0.00229336
121055,315,0,0.2286,39.6,0.00253511
123565,400,0,0.2286,39.6,0.00253511
126195,500,0,0.2286,39.6,0.00253511
128705,630,0,0.2286,39.6,0.00253511
130205,800,0,0.2286,39.6,0.00253511
130435,1000,0,0.2286,39.6,0.00253511
129395,1250,0,0.2286,39.6,0.00253511
127095,1600,0,0.2286,39.6,0.00253511
125305,2000,0,0.2286,39.6,0.00253511
125025,2500,0,0.2286,39.6,0.00253511
124625,3150,0,0.2286,39.6,0.00253511
123465,4000,0,0.2286,39.6,0.00253511
122175,5000,0,0.2286,39.6,0.00253511
117465,6300,0,0.2286,39.6,0.00253511
120595,315,0,0.2286,31.7,0.0027238
123635,400,0,0.2286,31.7,0.0027238
126675,500,0,0.2286,31.7,0.0027238
129465,630,0,0.2286,31.7,0.0027238
130725,800,0,0.2286,31.7,0.0027238
130595,1000,0,0.2286,31.7,0.0027238
128805,1250,0,0.2286,31.7,0.0027238
125625,1600,0,0.2286,31.7,0.0027238
123455,2000,0,0.2286,31.7,0.0027238
123445,2500,0,0.2286,31.7,0.0027238
123445,3150,0,0.2286,31.7,0.0027238
122035,4000,0,0.2286,31.7,0.0027238
120505,5000,0,0.2286,31.7,0.0027238
116815,6300,0,0.2286,31.7,0.0027238
125116,400,2,0.2286,71.3,0.00293031
126486,500,2,0.2286,71.3,0.00293031
127356,630,2,0.2286,71.3,0.00293031
128216,800,2,0.2286,71.3,0.00293031
128956,1000,2,0.2286,71.3,0.00293031
128816,1250,2,0.2286,71.3,0.00293031
127796,1600,2,0.2286,71.3,0.00293031
126896,2000,2,0.2286,71.3,0.00293031
127006,2500,2,0.2286,71.3,0.00293031
126116,3150,2,0.2286,71.3,0.00293031
124086,4000,2,0.2286,71.3,0.00293031
122816,5000,2,0.2286,71.3,0.00293031
120786,6300,2,0.2286,71.3,0.00293031
115996,8000,2,0.2286,71.3,0.00293031
113086,10000,2,0.2286,71.3,0.00293031
122292,400,2,0.2286,55.5,0.00313525
124692,500,2,0.2286,55.5,0.00313525
126842,630,2,0.2286,55.5,0.00313525
128492,800,2,0.2286,55.5,0.00313525
129002,1000,2,0.2286,55.5,0.00313525
128762,1250,2,0.2286,55.5,0.00313525
126752,1600,2,0.2286,55.5,0.00313525
124612,2000,2,0.2286,55.5,0.00313525
123862,2500,2,0.2286,55.5,0.00313525
123742,3150,2,0.2286,55.5,0.00313525
122232,4000,2,0.2286,55.5,0.00313525
120472,5000,2,0.2286,55.5,0.00313525
118712,6300,2,0.2286,55.5,0.00313525
120137,315,2,0.2286,39.6,0.00346574
122147,400,2,0.2286,39.6,0.00346574
125157,500,2,0.2286,39.6,0.00346574
127417,630,2,0.2286,39.6,0.00346574
129037,800,2,0.2286,39.6,0.00346574
129147,1000,2,0.2286,39.6,0.00346574
128257,1250,2,0.2286,39.6,0.00346574
125837,1600,2,0.2286,39.6,0.00346574
122797,2000,2,0.2286,39.6,0.00346574
121397,2500,2,0.2286,39.6,0.00346574
121627,3150,2,0.2286,39.6,0.00346574
120227,4000,2,0.2286,39.6,0.00346574
118827,5000,2,0.2286,39.6,0.00346574
116417,6300,2,0.2286,39.6,0.00346574
120147,315,2,0.2286,31.7,0.00372371
123417,400,2,0.2286,31.7,0.00372371
126677,500,2,0.2286,31.7,0.00372371
129057,630,2,0.2286,31.7,0.00372371
130307,800,2,0.2286,31.7,0.00372371
130307,1000,2,0.2286,31.7,0.00372371
128677,1250,2,0.2286,31.7,0.00372371
125797,1600,2,0.2286,31.7,0.00372371
123037,2000,2,0.2286,31.7,0.00372371
121407,2500,2,0.2286,31.7,0.00372371
121527,3150,2,0.2286,31.7,0.00372371
120527,4000,2,0.2286,31.7,0.00372371
118267,5000,2,0.2286,31.7,0.00372371
115137,6300,2,0.2286,31.7,0.00372371
126758,500,4,0.2286,71.3,0.00400603
129038,630,4,0.2286,71.3,0.00400603
130688,800,4,0.2286,71.3,0.00400603
131708,1000,4,0.2286,71.3,0.00400603
131718,1250,4,0.2286,71.3,0.00400603
129468,1600,4,0.2286,71.3,0.00400603
126218,2000,4,0.2286,71.3,0.00400603
124338,2500,4,0.2286,71.3,0.00400603
124108,3150,4,0.2286,71.3,0.00400603
121728,4000,4,0.2286,71.3,0.00400603
121118,5000,4,0.2286,71.3,0.00400603
118618,6300,4,0.2286,71.3,0.00400603
112848,8000,4,0.2286,71.3,0.00400603
113108,10000,4,0.2286,71.3,0.00400603
114258,12500,4,0.2286,71.3,0.00400603
112768,16000,4,0.2286,71.3,0.00400603
109638,20000,4,0.2286,71.3,0.00400603
123274,400,4,0.2286,55.5,0.0042862
127314,500,4,0.2286,55.5,0.0042862
129964,630,4,0.2286,55.5,0.0042862
131864,800,4,0.2286,55.5,0.0042862
132134,1000,4,0.2286,55.5,0.0042862
131264,1250,4,0.2286,55.5,0.0042862
128264,1600,4,0.2286,55.5,0.0042862
124254,2000,4,0.2286,55.5,0.0042862
122384,2500,4,0.2286,55.5,0.0042862
122394,3150,4,0.2286,55.5,0.0042862
120654,4000,4,0.2286,55.5,0.0042862
120034,5000,4,0.2286,55.5,0.0042862
117154,6300,4,0.2286,55.5,0.0042862
112524,8000,4,0.2286,55.5,0.0042862
122229,315,4,0.2286,39.6,0.00473801
123879,400,4,0.2286,39.6,0.00473801
127039,500,4,0.2286,39.6,0.00473801
129579,630,4,0.2286,39.6,0.00473801
130469,800,4,0.2286,39.6,0.00473801
129969,1000,4,0.2286,39.6,0.00473801
128339,1250,4,0.2286,39.6,0.00473801
125319,1600,4,0.2286,39.6,0.00473801
121659,2000,4,0.2286,39.6,0.00473801
119649,2500,4,0.2286,39.6,0.00473801
120419,3150,4,0.2286,39.6,0.00473801
119159,4000,4,0.2286,39.6,0.00473801
117649,5000,4,0.2286,39.6,0.00473801
114249,6300,4,0.2286,39.6,0.00473801
113129,8000,4,0.2286,39.6,0.00473801
120189,250,4,0.2286,31.7,0.00509068
123609,315,4,0.2286,31.7,0.00509068
126149,400,4,0.2286,31.7,0.00509068
128939,500,4,0.2286,31.7,0.00509068
130349,630,4,0.2286,31.7,0.00509068
130869,800,4,0.2286,31.7,0.00509068
129869,1000,4,0.2286,31.7,0.00509068
128119,1250,4,0.2286,31.7,0.00509068
125229,1600,4,0.2286,31.7,0.00509068
122089,2000,4,0.2286,31.7,0.00509068
120209,2500,4,0.2286,31.7,0.00509068
120229,3150,4,0.2286,31.7,0.00509068
118859,4000,4,0.2286,31.7,0.00509068
115969,5000,4,0.2286,31.7,0.00509068
112699,6300,4,0.2286,31.7,0.00509068
127.7,400,5.3,0.2286,71.3,0.0051942
129.88,500,5.3,0.2286,71.3,0.0051942
131.8,630,5.3,0.2286,71.3,0.0051942
133.48,800,5.3,0.2286,71.3,0.0051942
134,1000,5.3,0.2286,71.3,0.0051942
133.38,1250,5.3,0.2286,71.3,0.0051942
130.46,1600,5.3,0.2286,71.3,0.0051942
125.89,2000,5.3,0.2286,71.3,0.0051942
123.74,2500,5.3,0.2286,71.3,0.0051942
123.12,3150,5.3,0.2286,71.3,0.0051942
120.33,4000,5.3,0.2286,71.3,0.0051942
118.05,5000,5.3,0.2286,71.3,0.0051942
116.92,6300,5.3,0.2286,71.3,0.0051942
114.9,8000,5.3,0.2286,71.3,0.0051942
111.35,10000,5.3,0.2286,71.3,0.0051942
127011,250,5.3,0.2286,39.6,0.00614329
129691,315,5.3,0.2286,39.6,0.00614329
131221,400,5.3,0.2286,39.6,0.00614329
132251,500,5.3,0.2286,39.6,0.00614329
132011,630,5.3,0.2286,39.6,0.00614329
129491,800,5.3,0.2286,39.6,0.00614329
125581,1000,5.3,0.2286,39.6,0.00614329
125721,1250,5.3,0.2286,39.6,0.00614329
123081,1600,5.3,0.2286,39.6,0.00614329
117911,2000,5.3,0.2286,39.6,0.00614329
116151,2500,5.3,0.2286,39.6,0.00614329
118441,3150,5.3,0.2286,39.6,0.00614329
115801,4000,5.3,0.2286,39.6,0.00614329
115311,5000,5.3,0.2286,39.6,0.00614329
112541,6300,5.3,0.2286,39.6,0.00614329
138758,200,7.3,0.2286,71.3,0.0104404
139918,250,7.3,0.2286,71.3,0.0104404
139808,315,7.3,0.2286,71.3,0.0104404
139438,400,7.3,0.2286,71.3,0.0104404
136798,500,7.3,0.2286,71.3,0.0104404
133768,630,7.3,0.2286,71.3,0.0104404
130748,800,7.3,0.2286,71.3,0.0104404
126838,1000,7.3,0.2286,71.3,0.0104404
127358,1250,7.3,0.2286,71.3,0.0104404
125728,1600,7.3,0.2286,71.3,0.0104404
122708,2000,7.3,0.2286,71.3,0.0104404
122088,2500,7.3,0.2286,71.3,0.0104404
120458,3150,7.3,0.2286,71.3,0.0104404
119208,4000,7.3,0.2286,71.3,0.0104404
115298,5000,7.3,0.2286,71.3,0.0104404
115818,6300,7.3,0.2286,71.3,0.0104404
135234,200,7.3,0.2286,55.5,0.0111706
136384,250,7.3,0.2286,55.5,0.0111706
136284,315,7.3,0.2286,55.5,0.0111706
135924,400,7.3,0.2286,55.5,0.0111706
133174,500,7.3,0.2286,55.5,0.0111706
130934,630,7.3,0.2286,55.5,0.0111706
128444,800,7.3,0.2286,55.5,0.0111706
125194,1000,7.3,0.2286,55.5,0.0111706
125724,1250,7.3,0.2286,55.5,0.0111706
123354,1600,7.3,0.2286,55.5,0.0111706
120354,2000,7.3,0.2286,55.5,0.0111706
118994,2500,7.3,0.2286,55.5,0.0111706
117134,3150,7.3,0.2286,55.5,0.0111706
117284,4000,7.3,0.2286,55.5,0.0111706
113144,5000,7.3,0.2286,55.5,0.0111706
111534,6300,7.3,0.2286,55.5,0.0111706
130989,200,7.3,0.2286,39.6,0.0123481
131889,250,7.3,0.2286,39.6,0.0123481
132149,315,7.3,0.2286,39.6,0.0123481
132039,400,7.3,0.2286,39.6,0.0123481
130299,500,7.3,0.2286,39.6,0.0123481
128929,630,7.3,0.2286,39.6,0.0123481
126299,800,7.3,0.2286,39.6,0.0123481
122539,1000,7.3,0.2286,39.6,0.0123481
123189,1250,7.3,0.2286,39.6,0.0123481
121059,1600,7.3,0.2286,39.6,0.0123481
117809,2000,7.3,0.2286,39.6,0.0123481
116559,2500,7.3,0.2286,39.6,0.0123481
114309,3150,7.3,0.2286,39.6,0.0123481
114079,4000,7.3,0.2286,39.6,0.0123481
111959,5000,7.3,0.2286,39.6,0.0123481
110839,6300,7.3,0.2286,39.6,0.0123481
128679,200,7.3,0.2286,31.7,0.0132672
130089,250,7.3,0.2286,31.7,0.0132672
130239,315,7.3,0.2286,31.7,0.0132672
130269,400,7.3,0.2286,31.7,0.0132672
128169,500,7.3,0.2286,31.7,0.0132672
126189,630,7.3,0.2286,31.7,0.0132672
123209,800,7.3,0.2286,31.7,0.0132672
119099,1000,7.3,0.2286,31.7,0.0132672
120509,1250,7.3,0.2286,31.7,0.0132672
119039,1600,7.3,0.2286,31.7,0.0132672
115309,2000,7.3,0.2286,31.7,0.0132672
114709,2500,7.3,0.2286,31.7,0.0132672
113229,3150,7.3,0.2286,31.7,0.0132672
112639,4000,7.3,0.2286,31.7,0.0132672
111029,5000,7.3,0.2286,31.7,0.0132672
110689,6300,7.3,0.2286,31.7,0.0132672
125817,800,0,0.1524,71.3,0.0015988
127307,1000,0,0.1524,71.3,0.0015988
128927,1250,0,0.1524,71.3,0.0015988
129667,1600,0,0.1524,71.3,0.0015988
128647,2000,0,0.1524,71.3,0.0015988
128127,2500,0,0.1524,71.3,0.0015988
129377,3150,0,0.1524,71.3,0.0015988
128857,4000,0,0.1524,71.3,0.0015988
126457,5000,0,0.1524,71.3,0.0015988
125427,6300,0,0.1524,71.3,0.0015988
122527,8000,0,0.1524,71.3,0.0015988
120247,10000,0,0.1524,71.3,0.0015988
117087,12500,0,0.1524,71.3,0.0015988
113297,16000,0,0.1524,71.3,0.0015988
120573,500,0,0.1524,55.5,0.00172668
123583,630,0,0.1524,55.5,0.00172668
126713,800,0,0.1524,55.5,0.00172668
128583,1000,0,0.1524,55.5,0.00172668
129953,1250,0,0.1524,55.5,0.00172668
130183,1600,0,0.1524,55.5,0.00172668
129673,2000,0,0.1524,55.5,0.00172668
127763,2500,0,0.1524,55.5,0.00172668
127753,3150,0,0.1524,55.5,0.00172668
127233,4000,0,0.1524,55.5,0.00172668
125203,5000,0,0.1524,55.5,0.00172668
123303,6300,0,0.1524,55.5,0.00172668
121903,8000,0,0.1524,55.5,0.00172668
119253,10000,0,0.1524,55.5,0.00172668
117093,12500,0,0.1524,55.5,0.00172668
112803,16000,0,0.1524,55.5,0.00172668
119513,500,0,0.1524,39.6,0.00193287
124403,630,0,0.1524,39.6,0.00193287
127903,800,0,0.1524,39.6,0.00193287
130033,1000,0,0.1524,39.6,0.00193287
131023,1250,0,0.1524,39.6,0.00193287
131013,1600,0,0.1524,39.6,0.00193287
129633,2000,0,0.1524,39.6,0.00193287
126863,2500,0,0.1524,39.6,0.00193287
125603,3150,0,0.1524,39.6,0.00193287
125343,4000,0,0.1524,39.6,0.00193287
123453,5000,0,0.1524,39.6,0.00193287
121313,6300,0,0.1524,39.6,0.00193287
120553,8000,0,0.1524,39.6,0.00193287
115413,10000,0,0.1524,39.6,0.00193287
121617,500,0,0.1524,31.7,0.00209405
125997,630,0,0.1524,31.7,0.00209405
129117,800,0,0.1524,31.7,0.00209405
130987,1000,0,0.1524,31.7,0.00209405
131467,1250,0,0.1524,31.7,0.00209405
130817,1600,0,0.1524,31.7,0.00209405
128907,2000,0,0.1524,31.7,0.00209405
125867,2500,0,0.1524,31.7,0.00209405
124207,3150,0,0.1524,31.7,0.00209405
123807,4000,0,0.1524,31.7,0.00209405
122397,5000,0,0.1524,31.7,0.00209405
119737,6300,0,0.1524,31.7,0.00209405
117957,8000,0,0.1524,31.7,0.00209405
127404,630,2.7,0.1524,71.3,0.00243851
127394,800,2.7,0.1524,71.3,0.00243851
128774,1000,2.7,0.1524,71.3,0.00243851
130144,1250,2.7,0.1524,71.3,0.00243851
130644,1600,2.7,0.1524,71.3,0.00243851
130114,2000,2.7,0.1524,71.3,0.00243851
128334,2500,2.7,0.1524,71.3,0.00243851
127054,3150,2.7,0.1524,71.3,0.00243851
126534,4000,2.7,0.1524,71.3,0.00243851
124364,5000,2.7,0.1524,71.3,0.00243851
121944,6300,2.7,0.1524,71.3,0.00243851
120534,8000,2.7,0.1524,71.3,0.00243851
116724,10000,2.7,0.1524,71.3,0.00243851
113034,12500,2.7,0.1524,71.3,0.00243851
110364,16000,2.7,0.1524,71.3,0.00243851
121009,500,2.7,0.1524,39.6,0.00294804
125809,630,2.7,0.1524,39.6,0.00294804
128829,800,2.7,0.1524,39.6,0.00294804
130589,1000,2.7,0.1524,39.6,0.00294804
130829,1250,2.7,0.1524,39.6,0.00294804
130049,1600,2.7,0.1524,39.6,0.00294804
128139,2000,2.7,0.1524,39.6,0.00294804
125589,2500,2.7,0.1524,39.6,0.00294804
122919,3150,2.7,0.1524,39.6,0.00294804
121889,4000,2.7,0.1524,39.6,0.00294804
121499,5000,2.7,0.1524,39.6,0.00294804
119209,6300,2.7,0.1524,39.6,0.00294804
116659,8000,2.7,0.1524,39.6,0.00294804
112589,10000,2.7,0.1524,39.6,0.00294804
108649,12500,2.7,0.1524,39.6,0.00294804
124121,400,5.4,0.1524,71.3,0.00401199
126291,500,5.4,0.1524,71.3,0.00401199
128971,630,5.4,0.1524,71.3,0.00401199
131281,800,5.4,0.1524,71.3,0.00401199
133201,1000,5.4,0.1524,71.3,0.00401199
134111,1250,5.4,0.1524,71.3,0.00401199
133241,1600,5.4,0.1524,71.3,0.00401199
131111,2000,5.4,0.1524,71.3,0.00401199
127591,2500,5.4,0.1524,71.3,0.00401199
123311,3150,5.4,0.1524,71.3,0.00401199
121431,4000,5.4,0.1524,71.3,0.00401199
120061,5000,5.4,0.1524,71.3,0.00401199
116411,6300,5.4,0.1524,71.3,0.00401199
126807,400,5.4,0.1524,55.5,0.00433288
129367,500,5.4,0.1524,55.5,0.00433288
131807,630,5.4,0.1524,55.5,0.00433288
133097,800,5.4,0.1524,55.5,0.00433288
132127,1000,5.4,0.1524,55.5,0.00433288
130777,1250,5.4,0.1524,55.5,0.00433288
130567,1600,5.4,0.1524,55.5,0.00433288
128707,2000,5.4,0.1524,55.5,0.00433288
124077,2500,5.4,0.1524,55.5,0.00433288
121587,3150,5.4,0.1524,55.5,0.00433288
119737,4000,5.4,0.1524,55.5,0.00433288
118757,5000,5.4,0.1524,55.5,0.00433288
117287,6300,5.4,0.1524,55.5,0.00433288
114927,8000,5.4,0.1524,55.5,0.00433288
125347,315,5.4,0.1524,39.6,0.00485029
127637,400,5.4,0.1524,39.6,0.00485029
129937,500,5.4,0.1524,39.6,0.00485029
132357,630,5.4,0.1524,39.6,0.00485029
132757,800,5.4,0.1524,39.6,0.00485029
130507,1000,5.4,0.1524,39.6,0.00485029
127117,1250,5.4,0.1524,39.6,0.00485029
126267,1600,5.4,0.1524,39.6,0.00485029
124647,2000,5.4,0.1524,39.6,0.00485029
120497,2500,5.4,0.1524,39.6,0.00485029
119137,3150,5.4,0.1524,39.6,0.00485029
117137,4000,5.4,0.1524,39.6,0.00485029
117037,5000,5.4,0.1524,39.6,0.00485029
116677,6300,5.4,0.1524,39.6,0.00485029
125741,315,5.4,0.1524,31.7,0.00525474
127781,400,5.4,0.1524,31.7,0.00525474
129681,500,5.4,0.1524,31.7,0.00525474
131471,630,5.4,0.1524,31.7,0.00525474
131491,800,5.4,0.1524,31.7,0.00525474
128241,1000,5.4,0.1524,31.7,0.00525474
123991,1250,5.4,0.1524,31.7,0.00525474
123761,1600,5.4,0.1524,31.7,0.00525474
122771,2000,5.4,0.1524,31.7,0.00525474
119151,2500,5.4,0.1524,31.7,0.00525474
118291,3150,5.4,0.1524,31.7,0.00525474
116181,4000,5.4,0.1524,31.7,0.00525474
115691,5000,5.4,0.1524,31.7,0.00525474
115591,6300,5.4,0.1524,31.7,0.00525474
128713,315,7.2,0.1524,71.3,0.00752039
130123,400,7.2,0.1524,71.3,0.00752039
132043,500,7.2,0.1524,71.3,0.00752039
134853,630,7.2,0.1524,71.3,0.00752039
136023,800,7.2,0.1524,71.3,0.00752039
134273,1000,7.2,0.1524,71.3,0.00752039
132513,1250,7.2,0.1524,71.3,0.00752039
130893,1600,7.2,0.1524,71.3,0.00752039
128643,2000,7.2,0.1524,71.3,0.00752039
124353,2500,7.2,0.1524,71.3,0.00752039
116783,3150,7.2,0.1524,71.3,0.00752039
119343,4000,7.2,0.1524,71.3,0.00752039
118343,5000,7.2,0.1524,71.3,0.00752039
116603,6300,7.2,0.1524,71.3,0.00752039
113333,8000,7.2,0.1524,71.3,0.00752039
110313,10000,7.2,0.1524,71.3,0.00752039
127488,250,7.2,0.1524,39.6,0.00909175
130558,315,7.2,0.1524,39.6,0.00909175
132118,400,7.2,0.1524,39.6,0.00909175
132658,500,7.2,0.1524,39.6,0.00909175
133198,630,7.2,0.1524,39.6,0.00909175
132358,800,7.2,0.1524,39.6,0.00909175
128338,1000,7.2,0.1524,39.6,0.00909175
122428,1250,7.2,0.1524,39.6,0.00909175
120058,1600,7.2,0.1524,39.6,0.00909175
120228,2000,7.2,0.1524,39.6,0.00909175
117478,2500,7.2,0.1524,39.6,0.00909175
111818,3150,7.2,0.1524,39.6,0.00909175
114258,4000,7.2,0.1524,39.6,0.00909175
113288,5000,7.2,0.1524,39.6,0.00909175
112688,6300,7.2,0.1524,39.6,0.00909175
111588,8000,7.2,0.1524,39.6,0.00909175
110868,10000,7.2,0.1524,39.6,0.00909175
134319,200,9.9,0.1524,71.3,0.0193001
135329,250,9.9,0.1524,71.3,0.0193001
135459,315,9.9,0.1524,71.3,0.0193001
135079,400,9.9,0.1524,71.3,0.0193001
131279,500,9.9,0.1524,71.3,0.0193001
129889,630,9.9,0.1524,71.3,0.0193001
128879,800,9.9,0.1524,71.3,0.0193001
126349,1000,9.9,0.1524,71.3,0.0193001
122679,1250,9.9,0.1524,71.3,0.0193001
121789,1600,9.9,0.1524,71.3,0.0193001
120779,2000,9.9,0.1524,71.3,0.0193001
119639,2500,9.9,0.1524,71.3,0.0193001
116849,3150,9.9,0.1524,71.3,0.0193001
115079,4000,9.9,0.1524,71.3,0.0193001
114569,5000,9.9,0.1524,71.3,0.0193001
112039,6300,9.9,0.1524,71.3,0.0193001
131955,200,9.9,0.1524,55.5,0.0208438
133235,250,9.9,0.1524,55.5,0.0208438
132355,315,9.9,0.1524,55.5,0.0208438
131605,400,9.9,0.1524,55.5,0.0208438
127815,500,9.9,0.1524,55.5,0.0208438
127315,630,9.9,0.1524,55.5,0.0208438
126565,800,9.9,0.1524,55.5,0.0208438
124665,1000,9.9,0.1524,55.5,0.0208438
121635,1250,9.9,0.1524,55.5,0.0208438
119875,1600,9.9,0.1524,55.5,0.0208438
119505,2000,9.9,0.1524,55.5,0.0208438
118365,2500,9.9,0.1524,55.5,0.0208438
115085,3150,9.9,0.1524,55.5,0.0208438
112945,4000,9.9,0.1524,55.5,0.0208438
112065,5000,9.9,0.1524,55.5,0.0208438
110555,6300,9.9,0.1524,55.5,0.0208438
127315,200,9.9,0.1524,39.6,0.0233328
128335,250,9.9,0.1524,39.6,0.0233328
128595,315,9.9,0.1524,39.6,0.0233328
128345,400,9.9,0.1524,39.6,0.0233328
126835,500,9.9,0.1524,39.6,0.0233328
126465,630,9.9,0.1524,39.6,0.0233328
126345,800,9.9,0.1524,39.6,0.0233328
123835,1000,9.9,0.1524,39.6,0.0233328
120555,1250,9.9,0.1524,39.6,0.0233328
118545,1600,9.9,0.1524,39.6,0.0233328
117925,2000,9.9,0.1524,39.6,0.0233328
116295,2500,9.9,0.1524,39.6,0.0233328
113525,3150,9.9,0.1524,39.6,0.0233328
112265,4000,9.9,0.1524,39.6,0.0233328
111135,5000,9.9,0.1524,39.6,0.0233328
109885,6300,9.9,0.1524,39.6,0.0233328
127299,200,9.9,0.1524,31.7,0.0252785
128559,250,9.9,0.1524,31.7,0.0252785
128809,315,9.9,0.1524,31.7,0.0252785
128939,400,9.9,0.1524,31.7,0.0252785
127179,500,9.9,0.1524,31.7,0.0252785
126049,630,9.9,0.1524,31.7,0.0252785
125539,800,9.9,0.1524,31.7,0.0252785
122149,1000,9.9,0.1524,31.7,0.0252785
118619,1250,9.9,0.1524,31.7,0.0252785
117119,1600,9.9,0.1524,31.7,0.0252785
116859,2000,9.9,0.1524,31.7,0.0252785
114729,2500,9.9,0.1524,31.7,0.0252785
112209,3150,9.9,0.1524,31.7,0.0252785
111459,4000,9.9,0.1524,31.7,0.0252785
109949,5000,9.9,0.1524,31.7,0.0252785
108689,6300,9.9,0.1524,31.7,0.0252785
128354,200,12.6,0.1524,71.3,0.0483159
129744,250,12.6,0.1524,71.3,0.0483159
128484,315,12.6,0.1524,71.3,0.0483159
127094,400,12.6,0.1524,71.3,0.0483159
121664,500,12.6,0.1524,71.3,0.0483159
123304,630,12.6,0.1524,71.3,0.0483159
123054,800,12.6,0.1524,71.3,0.0483159
122044,1000,12.6,0.1524,71.3,0.0483159
120154,1250,12.6,0.1524,71.3,0.0483159
120534,1600,12.6,0.1524,71.3,0.0483159
117504,2000,12.6,0.1524,71.3,0.0483159
115234,2500,12.6,0.1524,71.3,0.0483159
113334,3150,12.6,0.1524,71.3,0.0483159
108034,4000,12.6,0.1524,71.3,0.0483159
108034,5000,12.6,0.1524,71.3,0.0483159
107284,6300,12.6,0.1524,71.3,0.0483159
114.75,200,12.6,0.1524,39.6,0.0584113
115.89,250,12.6,0.1524,39.6,0.0584113
116.02,315,12.6,0.1524,39.6,0.0584113
115.91,400,12.6,0.1524,39.6,0.0584113
114.9,500,12.6,0.1524,39.6,0.0584113
116.55,630,12.6,0.1524,39.6,0.0584113
116.56,800,12.6,0.1524,39.6,0.0584113
114.67,1000,12.6,0.1524,39.6,0.0584113
112.16,1250,12.6,0.1524,39.6,0.0584113
110.78,1600,12.6,0.1524,39.6,0.0584113
109.52,2000,12.6,0.1524,39.6,0.0584113
106.88,2500,12.6,0.1524,39.6,0.0584113
106.26,3150,12.6,0.1524,39.6,0.0584113
104.5,4000,12.6,0.1524,39.6,0.0584113
104.13,5000,12.6,0.1524,39.6,0.0584113
103.38,6300,12.6,0.1524,39.6,0.0584113
130.96,800,0,0.0508,71.3,0.000740478
129.45,1000,0,0.0508,71.3,0.000740478
128.56,1250,0,0.0508,71.3,0.000740478
129.68,1600,0,0.0508,71.3,0.000740478
131.06,2000,0,0.0508,71.3,0.000740478
131.31,2500,0,0.0508,71.3,0.000740478
135.07,3150,0,0.0508,71.3,0.000740478
134.43,4000,0,0.0508,71.3,0.000740478
134.43,5000,0,0.0508,71.3,0.000740478
133.04,6300,0,0.0508,71.3,0.000740478
130.89,8000,0,0.0508,71.3,0.000740478
128.74,10000,0,0.0508,71.3,0.000740478
125.22,12500,0,0.0508,71.3,0.000740478
124336,800,0,0.0508,55.5,0.00076193
125586,1000,0,0.0508,55.5,0.00076193
127076,1250,0,0.0508,55.5,0.00076193
128576,1600,0,0.0508,55.5,0.00076193
131456,2000,0,0.0508,55.5,0.00076193
133956,2500,0,0.0508,55.5,0.00076193
134826,3150,0,0.0508,55.5,0.00076193
134946,4000,0,0.0508,55.5,0.00076193
134556,5000,0,0.0508,55.5,0.00076193
132796,6300,0,0.0508,55.5,0.00076193
130156,8000,0,0.0508,55.5,0.00076193
127636,10000,0,0.0508,55.5,0.00076193
125376,12500,0,0.0508,55.5,0.00076193
126508,800,0,0.0508,39.6,0.000791822
127638,1000,0,0.0508,39.6,0.000791822
129148,1250,0,0.0508,39.6,0.000791822
130908,1600,0,0.0508,39.6,0.000791822
132918,2000,0,0.0508,39.6,0.000791822
134938,2500,0,0.0508,39.6,0.000791822
135938,3150,0,0.0508,39.6,0.000791822
135308,4000,0,0.0508,39.6,0.000791822
134308,5000,0,0.0508,39.6,0.000791822
131918,6300,0,0.0508,39.6,0.000791822
128518,8000,0,0.0508,39.6,0.000791822
125998,10000,0,0.0508,39.6,0.000791822
123988,12500,0,0.0508,39.6,0.000791822
122.79,800,0,0.0508,31.7,0.000812164
126.78,1000,0,0.0508,31.7,0.000812164
129.27,1250,0,0.0508,31.7,0.000812164
131.01,1600,0,0.0508,31.7,0.000812164
133.01,2000,0,0.0508,31.7,0.000812164
134.87,2500,0,0.0508,31.7,0.000812164
135.49,3150,0,0.0508,31.7,0.000812164
134.11,4000,0,0.0508,31.7,0.000812164
133.23,5000,0,0.0508,31.7,0.000812164
130.34,6300,0,0.0508,31.7,0.000812164
126.59,8000,0,0.0508,31.7,0.000812164
122.45,10000,0,0.0508,31.7,0.000812164
119.07,12500,0,0.0508,31.7,0.000812164
124318,1600,4.2,0.0508,71.3,0.00142788
129848,2000,4.2,0.0508,71.3,0.00142788
131978,2500,4.2,0.0508,71.3,0.00142788
133728,3150,4.2,0.0508,71.3,0.00142788
133598,4000,4.2,0.0508,71.3,0.00142788
132828,5000,4.2,0.0508,71.3,0.00142788
129308,6300,4.2,0.0508,71.3,0.00142788
125268,8000,4.2,0.0508,71.3,0.00142788
121238,10000,4.2,0.0508,71.3,0.00142788
117328,12500,4.2,0.0508,71.3,0.00142788
125647,1000,4.2,0.0508,39.6,0.00152689
128427,1250,4.2,0.0508,39.6,0.00152689
130197,1600,4.2,0.0508,39.6,0.00152689
132587,2000,4.2,0.0508,39.6,0.00152689
133847,2500,4.2,0.0508,39.6,0.00152689
133587,3150,4.2,0.0508,39.6,0.00152689
131807,4000,4.2,0.0508,39.6,0.00152689
129777,5000,4.2,0.0508,39.6,0.00152689
125717,6300,4.2,0.0508,39.6,0.00152689
120397,8000,4.2,0.0508,39.6,0.00152689
116967,10000,4.2,0.0508,39.6,0.00152689
127556,800,8.4,0.0508,71.3,0.00529514
129946,1000,8.4,0.0508,71.3,0.00529514
132086,1250,8.4,0.0508,71.3,0.00529514
133846,1600,8.4,0.0508,71.3,0.00529514
134476,2000,8.4,0.0508,71.3,0.00529514
134226,2500,8.4,0.0508,71.3,0.00529514
131966,3150,8.4,0.0508,71.3,0.00529514
126926,4000,8.4,0.0508,71.3,0.00529514
121146,5000,8.4,0.0508,71.3,0.00529514
121582,400,8.4,0.0508,55.5,0.00544854
123742,500,8.4,0.0508,55.5,0.00544854
126152,630,8.4,0.0508,55.5,0.00544854
128562,800,8.4,0.0508,55.5,0.00544854
130722,1000,8.4,0.0508,55.5,0.00544854
132252,1250,8.4,0.0508,55.5,0.00544854
133032,1600,8.4,0.0508,55.5,0.00544854
133042,2000,8.4,0.0508,55.5,0.00544854
131542,2500,8.4,0.0508,55.5,0.00544854
128402,3150,8.4,0.0508,55.5,0.00544854
122612,4000,8.4,0.0508,55.5,0.00544854
115812,5000,8.4,0.0508,55.5,0.00544854
120015,400,8.4,0.0508,39.6,0.00566229
122905,500,8.4,0.0508,39.6,0.00566229
126045,630,8.4,0.0508,39.6,0.00566229
128435,800,8.4,0.0508,39.6,0.00566229
130195,1000,8.4,0.0508,39.6,0.00566229
131205,1250,8.4,0.0508,39.6,0.00566229
130965,1600,8.4,0.0508,39.6,0.00566229
129965,2000,8.4,0.0508,39.6,0.00566229
127465,2500,8.4,0.0508,39.6,0.00566229
123965,3150,8.4,0.0508,39.6,0.00566229
118955,4000,8.4,0.0508,39.6,0.00566229
120076,400,8.4,0.0508,31.7,0.00580776
122966,500,8.4,0.0508,31.7,0.00580776
125856,630,8.4,0.0508,31.7,0.00580776
128246,800,8.4,0.0508,31.7,0.00580776
129516,1000,8.4,0.0508,31.7,0.00580776
130156,1250,8.4,0.0508,31.7,0.00580776
129296,1600,8.4,0.0508,31.7,0.00580776
127686,2000,8.4,0.0508,31.7,0.00580776
125576,2500,8.4,0.0508,31.7,0.00580776
122086,3150,8.4,0.0508,31.7,0.00580776
118106,4000,8.4,0.0508,31.7,0.00580776
125941,200,11.2,0.0508,71.3,0.014072
127101,250,11.2,0.0508,71.3,0.014072
128381,315,11.2,0.0508,71.3,0.014072
129281,400,11.2,0.0508,71.3,0.014072
130311,500,11.2,0.0508,71.3,0.014072
133611,630,11.2,0.0508,71.3,0.014072
136031,800,11.2,0.0508,71.3,0.014072
136941,1000,11.2,0.0508,71.3,0.014072
136191,1250,11.2,0.0508,71.3,0.014072
135191,1600,11.2,0.0508,71.3,0.014072
133311,2000,11.2,0.0508,71.3,0.014072
130541,2500,11.2,0.0508,71.3,0.014072
127141,3150,11.2,0.0508,71.3,0.014072
122471,4000,11.2,0.0508,71.3,0.014072
125.01,200,11.2,0.0508,39.6,0.0150478
126.43,250,11.2,0.0508,39.6,0.0150478
128.99,315,11.2,0.0508,39.6,0.0150478
130.67,400,11.2,0.0508,39.6,0.0150478
131.96,500,11.2,0.0508,39.6,0.0150478
133.13,630,11.2,0.0508,39.6,0.0150478
133.79,800,11.2,0.0508,39.6,0.0150478
132.43,1000,11.2,0.0508,39.6,0.0150478
130.05,1250,11.2,0.0508,39.6,0.0150478
126.54,1600,11.2,0.0508,39.6,0.0150478
124.42,2000,11.2,0.0508,39.6,0.0150478
122.17,2500,11.2,0.0508,39.6,0.0150478
119.67,3150,11.2,0.0508,39.6,0.0150478
115.52,4000,11.2,0.0508,39.6,0.0150478
123595,200,15.4,0.0508,71.3,0.0264269
124835,250,15.4,0.0508,71.3,0.0264269
126195,315,15.4,0.0508,71.3,0.0264269
126805,400,15.4,0.0508,71.3,0.0264269
127285,500,15.4,0.0508,71.3,0.0264269
129645,630,15.4,0.0508,71.3,0.0264269
131515,800,15.4,0.0508,71.3,0.0264269
131865,1000,15.4,0.0508,71.3,0.0264269
130845,1250,15.4,0.0508,71.3,0.0264269
130065,1600,15.4,0.0508,71.3,0.0264269
129285,2000,15.4,0.0508,71.3,0.0264269
127625,2500,15.4,0.0508,71.3,0.0264269
125715,3150,15.4,0.0508,71.3,0.0264269
122675,4000,15.4,0.0508,71.3,0.0264269
119135,5000,15.4,0.0508,71.3,0.0264269
115215,6300,15.4,0.0508,71.3,0.0264269
112675,8000,15.4,0.0508,71.3,0.0264269
122.94,200,15.4,0.0508,55.5,0.0271925
124.17,250,15.4,0.0508,55.5,0.0271925
125.39,315,15.4,0.0508,55.5,0.0271925
126.5,400,15.4,0.0508,55.5,0.0271925
127.22,500,15.4,0.0508,55.5,0.0271925
129.33,630,15.4,0.0508,55.5,0.0271925
130.43,800,15.4,0.0508,55.5,0.0271925
130.4,1000,15.4,0.0508,55.5,0.0271925
130,1250,15.4,0.0508,55.5,0.0271925
128.2,1600,15.4,0.0508,55.5,0.0271925
127.04,2000,15.4,0.0508,55.5,0.0271925
125.63,2500,15.4,0.0508,55.5,0.0271925
123.46,3150,15.4,0.0508,55.5,0.0271925
120.92,4000,15.4,0.0508,55.5,0.0271925
117.11,5000,15.4,0.0508,55.5,0.0271925
112.93,6300,15.4,0.0508,55.5,0.0271925
121783,200,15.4,0.0508,39.6,0.0282593
122893,250,15.4,0.0508,39.6,0.0282593
124493,315,15.4,0.0508,39.6,0.0282593
125353,400,15.4,0.0508,39.6,0.0282593
125963,500,15.4,0.0508,39.6,0.0282593
127443,630,15.4,0.0508,39.6,0.0282593
128423,800,15.4,0.0508,39.6,0.0282593
127893,1000,15.4,0.0508,39.6,0.0282593
126743,1250,15.4,0.0508,39.6,0.0282593
124843,1600,15.4,0.0508,39.6,0.0282593
123443,2000,15.4,0.0508,39.6,0.0282593
122413,2500,15.4,0.0508,39.6,0.0282593
120513,3150,15.4,0.0508,39.6,0.0282593
118113,4000,15.4,0.0508,39.6,0.0282593
114453,5000,15.4,0.0508,39.6,0.0282593
109663,6300,15.4,0.0508,39.6,0.0282593
119975,200,15.4,0.0508,31.7,0.0289853
121225,250,15.4,0.0508,31.7,0.0289853
122845,315,15.4,0.0508,31.7,0.0289853
123705,400,15.4,0.0508,31.7,0.0289853
123695,500,15.4,0.0508,31.7,0.0289853
124685,630,15.4,0.0508,31.7,0.0289853
125555,800,15.4,0.0508,31.7,0.0289853
124525,1000,15.4,0.0508,31.7,0.0289853
123255,1250,15.4,0.0508,31.7,0.0289853
121485,1600,15.4,0.0508,31.7,0.0289853
120835,2000,15.4,0.0508,31.7,0.0289853
119945,2500,15.4,0.0508,31.7,0.0289853
118045,3150,15.4,0.0508,31.7,0.0289853
115635,4000,15.4,0.0508,31.7,0.0289853
112355,5000,15.4,0.0508,31.7,0.0289853
108185,6300,15.4,0.0508,31.7,0.0289853
118005,200,19.7,0.0508,71.3,0.0341183
119115,250,19.7,0.0508,71.3,0.0341183
121235,315,19.7,0.0508,71.3,0.0341183
123865,400,19.7,0.0508,71.3,0.0341183
126995,500,19.7,0.0508,71.3,0.0341183
128365,630,19.7,0.0508,71.3,0.0341183
124555,800,19.7,0.0508,71.3,0.0341183
121885,1000,19.7,0.0508,71.3,0.0341183
121485,1250,19.7,0.0508,71.3,0.0341183
120575,1600,19.7,0.0508,71.3,0.0341183
120055,2000,19.7,0.0508,71.3,0.0341183
118385,2500,19.7,0.0508,71.3,0.0341183
116225,3150,19.7,0.0508,71.3,0.0341183
113045,4000,19.7,0.0508,71.3,0.0341183
125974,200,19.7,0.0508,39.6,0.036484
127224,250,19.7,0.0508,39.6,0.036484
129864,315,19.7,0.0508,39.6,0.036484
130614,400,19.7,0.0508,39.6,0.036484
128444,500,19.7,0.0508,39.6,0.036484
120324,630,19.7,0.0508,39.6,0.036484
119174,800,19.7,0.0508,39.6,0.036484
118904,1000,19.7,0.0508,39.6,0.036484
118634,1250,19.7,0.0508,39.6,0.036484
117604,1600,19.7,0.0508,39.6,0.036484
117724,2000,19.7,0.0508,39.6,0.036484
116184,2500,19.7,0.0508,39.6,0.036484
113004,3150,19.7,0.0508,39.6,0.036484
108684,4000,19.7,0.0508,39.6,0.036484
133707,2500,0,0.0254,71.3,0.000400682
137007,3150,0,0.0254,71.3,0.000400682
138557,4000,0,0.0254,71.3,0.000400682
136837,5000,0,0.0254,71.3,0.000400682
134987,6300,0,0.0254,71.3,0.000400682
129867,8000,0,0.0254,71.3,0.000400682
130787,10000,0,0.0254,71.3,0.000400682
133207,12500,0,0.0254,71.3,0.000400682
130477,16000,0,0.0254,71.3,0.000400682
123217,20000,0,0.0254,71.3,0.000400682
127623,2000,0,0.0254,55.5,0.00041229
130073,2500,0,0.0254,55.5,0.00041229
130503,3150,0,0.0254,55.5,0.00041229
133223,4000,0,0.0254,55.5,0.00041229
135803,5000,0,0.0254,55.5,0.00041229
136103,6300,0,0.0254,55.5,0.00041229
136163,8000,0,0.0254,55.5,0.00041229
134563,10000,0,0.0254,55.5,0.00041229
131453,12500,0,0.0254,55.5,0.00041229
125683,16000,0,0.0254,55.5,0.00041229
121933,20000,0,0.0254,55.5,0.00041229
124156,1600,0,0.0254,39.6,0.000428464
130026,2000,0,0.0254,39.6,0.000428464
131836,2500,0,0.0254,39.6,0.000428464
133276,3150,0,0.0254,39.6,0.000428464
135346,4000,0,0.0254,39.6,0.000428464
136536,5000,0,0.0254,39.6,0.000428464
136826,6300,0,0.0254,39.6,0.000428464
135866,8000,0,0.0254,39.6,0.000428464
133376,10000,0,0.0254,39.6,0.000428464
129116,12500,0,0.0254,39.6,0.000428464
124986,16000,0,0.0254,39.6,0.000428464
125127,1000,0,0.0254,31.7,0.000439472
127947,1250,0,0.0254,31.7,0.000439472
129267,1600,0,0.0254,31.7,0.000439472
130697,2000,0,0.0254,31.7,0.000439472
132897,2500,0,0.0254,31.7,0.000439472
135227,3150,0,0.0254,31.7,0.000439472
137047,4000,0,0.0254,31.7,0.000439472
138607,5000,0,0.0254,31.7,0.000439472
138537,6300,0,0.0254,31.7,0.000439472
137207,8000,0,0.0254,31.7,0.000439472
134227,10000,0,0.0254,31.7,0.000439472
128977,12500,0,0.0254,31.7,0.000439472
125627,16000,0,0.0254,31.7,0.000439472
128398,2000,4.8,0.0254,71.3,0.000848633
130828,2500,4.8,0.0254,71.3,0.000848633
133378,3150,4.8,0.0254,71.3,0.000848633
134928,4000,4.8,0.0254,71.3,0.000848633
135468,5000,4.8,0.0254,71.3,0.000848633
134498,6300,4.8,0.0254,71.3,0.000848633
131518,8000,4.8,0.0254,71.3,0.000848633
127398,10000,4.8,0.0254,71.3,0.000848633
127688,12500,4.8,0.0254,71.3,0.000848633
124208,16000,4.8,0.0254,71.3,0.000848633
119708,20000,4.8,0.0254,71.3,0.000848633
121474,1600,4.8,0.0254,55.5,0.000873218
125054,2000,4.8,0.0254,55.5,0.000873218
129144,2500,4.8,0.0254,55.5,0.000873218
132354,3150,4.8,0.0254,55.5,0.000873218
133924,4000,4.8,0.0254,55.5,0.000873218
135484,5000,4.8,0.0254,55.5,0.000873218
135164,6300,4.8,0.0254,55.5,0.000873218
132184,8000,4.8,0.0254,55.5,0.000873218
126944,10000,4.8,0.0254,55.5,0.000873218
125094,12500,4.8,0.0254,55.5,0.000873218
124394,16000,4.8,0.0254,55.5,0.000873218
121284,20000,4.8,0.0254,55.5,0.000873218
116366,500,4.8,0.0254,39.6,0.000907475
118696,630,4.8,0.0254,39.6,0.000907475
120766,800,4.8,0.0254,39.6,0.000907475
122956,1000,4.8,0.0254,39.6,0.000907475
125026,1250,4.8,0.0254,39.6,0.000907475
125966,1600,4.8,0.0254,39.6,0.000907475
128916,2000,4.8,0.0254,39.6,0.000907475
131236,2500,4.8,0.0254,39.6,0.000907475
133436,3150,4.8,0.0254,39.6,0.000907475
134996,4000,4.8,0.0254,39.6,0.000907475
135426,5000,4.8,0.0254,39.6,0.000907475
134336,6300,4.8,0.0254,39.6,0.000907475
131346,8000,4.8,0.0254,39.6,0.000907475
126066,10000,4.8,0.0254,39.6,0.000907475
116128,500,4.8,0.0254,31.7,0.000930789
120078,630,4.8,0.0254,31.7,0.000930789
122648,800,4.8,0.0254,31.7,0.000930789
125348,1000,4.8,0.0254,31.7,0.000930789
127408,1250,4.8,0.0254,31.7,0.000930789
128718,1600,4.8,0.0254,31.7,0.000930789
130148,2000,4.8,0.0254,31.7,0.000930789
132588,2500,4.8,0.0254,31.7,0.000930789
134268,3150,4.8,0.0254,31.7,0.000930789
135328,4000,4.8,0.0254,31.7,0.000930789
135248,5000,4.8,0.0254,31.7,0.000930789
132898,6300,4.8,0.0254,31.7,0.000930789
127008,8000,4.8,0.0254,31.7,0.000930789
125726,630,9.5,0.0254,71.3,0.00420654
127206,800,9.5,0.0254,71.3,0.00420654
129556,1000,9.5,0.0254,71.3,0.00420654
131656,1250,9.5,0.0254,71.3,0.00420654
133756,1600,9.5,0.0254,71.3,0.00420654
134976,2000,9.5,0.0254,71.3,0.00420654
135956,2500,9.5,0.0254,71.3,0.00420654
136166,3150,9.5,0.0254,71.3,0.00420654
134236,4000,9.5,0.0254,71.3,0.00420654
131186,5000,9.5,0.0254,71.3,0.00420654
127246,6300,9.5,0.0254,71.3,0.00420654
120952,400,9.5,0.0254,55.5,0.0043284
123082,500,9.5,0.0254,55.5,0.0043284
125452,630,9.5,0.0254,55.5,0.0043284
128082,800,9.5,0.0254,55.5,0.0043284
130332,1000,9.5,0.0254,55.5,0.0043284
132202,1250,9.5,0.0254,55.5,0.0043284
133062,1600,9.5,0.0254,55.5,0.0043284
134052,2000,9.5,0.0254,55.5,0.0043284
134152,2500,9.5,0.0254,55.5,0.0043284
133252,3150,9.5,0.0254,55.5,0.0043284
131582,4000,9.5,0.0254,55.5,0.0043284
128412,5000,9.5,0.0254,55.5,0.0043284
124222,6300,9.5,0.0254,55.5,0.0043284
116074,200,9.5,0.0254,39.6,0.00449821
116924,250,9.5,0.0254,39.6,0.00449821
119294,315,9.5,0.0254,39.6,0.00449821
121154,400,9.5,0.0254,39.6,0.00449821
123894,500,9.5,0.0254,39.6,0.00449821
126514,630,9.5,0.0254,39.6,0.00449821
129014,800,9.5,0.0254,39.6,0.00449821
130374,1000,9.5,0.0254,39.6,0.00449821
130964,1250,9.5,0.0254,39.6,0.00449821
131184,1600,9.5,0.0254,39.6,0.00449821
131274,2000,9.5,0.0254,39.6,0.00449821
131234,2500,9.5,0.0254,39.6,0.00449821
129934,3150,9.5,0.0254,39.6,0.00449821
127864,4000,9.5,0.0254,39.6,0.00449821
125044,5000,9.5,0.0254,39.6,0.00449821
120324,6300,9.5,0.0254,39.6,0.00449821
119146,200,9.5,0.0254,31.7,0.00461377
120136,250,9.5,0.0254,31.7,0.00461377
122766,315,9.5,0.0254,31.7,0.00461377
124756,400,9.5,0.0254,31.7,0.00461377
126886,500,9.5,0.0254,31.7,0.00461377
129006,630,9.5,0.0254,31.7,0.00461377
130746,800,9.5,0.0254,31.7,0.00461377
131346,1000,9.5,0.0254,31.7,0.00461377
131446,1250,9.5,0.0254,31.7,0.00461377
131036,1600,9.5,0.0254,31.7,0.00461377
130496,2000,9.5,0.0254,31.7,0.00461377
130086,2500,9.5,0.0254,31.7,0.00461377
128536,3150,9.5,0.0254,31.7,0.00461377
126736,4000,9.5,0.0254,31.7,0.00461377
124426,5000,9.5,0.0254,31.7,0.00461377
120726,6300,9.5,0.0254,31.7,0.00461377
119698,250,12.7,0.0254,71.3,0.0121808
122938,315,12.7,0.0254,71.3,0.0121808
125048,400,12.7,0.0254,71.3,0.0121808
126898,500,12.7,0.0254,71.3,0.0121808
128878,630,12.7,0.0254,71.3,0.0121808
130348,800,12.7,0.0254,71.3,0.0121808
131698,1000,12.7,0.0254,71.3,0.0121808
133048,1250,12.7,0.0254,71.3,0.0121808
134528,1600,12.7,0.0254,71.3,0.0121808
134228,2000,12.7,0.0254,71.3,0.0121808
134058,2500,12.7,0.0254,71.3,0.0121808
133758,3150,12.7,0.0254,71.3,0.0121808
131808,4000,12.7,0.0254,71.3,0.0121808
128978,5000,12.7,0.0254,71.3,0.0121808
125398,6300,12.7,0.0254,71.3,0.0121808
120538,8000,12.7,0.0254,71.3,0.0121808
114418,10000,12.7,0.0254,71.3,0.0121808
121547,250,12.7,0.0254,39.6,0.0130253
123537,315,12.7,0.0254,39.6,0.0130253
125527,400,12.7,0.0254,39.6,0.0130253
127127,500,12.7,0.0254,39.6,0.0130253
128867,630,12.7,0.0254,39.6,0.0130253
130217,800,12.7,0.0254,39.6,0.0130253
130947,1000,12.7,0.0254,39.6,0.0130253
130777,1250,12.7,0.0254,39.6,0.0130253
129977,1600,12.7,0.0254,39.6,0.0130253
129567,2000,12.7,0.0254,39.6,0.0130253
129027,2500,12.7,0.0254,39.6,0.0130253
127847,3150,12.7,0.0254,39.6,0.0130253
126537,4000,12.7,0.0254,39.6,0.0130253
125107,5000,12.7,0.0254,39.6,0.0130253
123177,6300,12.7,0.0254,39.6,0.0130253
120607,8000,12.7,0.0254,39.6,0.0130253
116017,10000,12.7,0.0254,39.6,0.0130253
112506,200,17.4,0.0254,71.3,0.016104
113796,250,17.4,0.0254,71.3,0.016104
115846,315,17.4,0.0254,71.3,0.016104
117396,400,17.4,0.0254,71.3,0.016104
119806,500,17.4,0.0254,71.3,0.016104
122606,630,17.4,0.0254,71.3,0.016104
124276,800,17.4,0.0254,71.3,0.016104
125816,1000,17.4,0.0254,71.3,0.016104
126356,1250,17.4,0.0254,71.3,0.016104
126406,1600,17.4,0.0254,71.3,0.016104
126826,2000,17.4,0.0254,71.3,0.016104
126746,2500,17.4,0.0254,71.3,0.016104
126536,3150,17.4,0.0254,71.3,0.016104
125586,4000,17.4,0.0254,71.3,0.016104
123126,5000,17.4,0.0254,71.3,0.016104
119916,6300,17.4,0.0254,71.3,0.016104
115466,8000,17.4,0.0254,71.3,0.016104
109951,200,17.4,0.0254,55.5,0.0165706
110491,250,17.4,0.0254,55.5,0.0165706
111911,315,17.4,0.0254,55.5,0.0165706
115461,400,17.4,0.0254,55.5,0.0165706
119621,500,17.4,0.0254,55.5,0.0165706
122411,630,17.4,0.0254,55.5,0.0165706
123091,800,17.4,0.0254,55.5,0.0165706
126001,1000,17.4,0.0254,55.5,0.0165706
129301,1250,17.4,0.0254,55.5,0.0165706
126471,1600,17.4,0.0254,55.5,0.0165706
125261,2000,17.4,0.0254,55.5,0.0165706
124931,2500,17.4,0.0254,55.5,0.0165706
124101,3150,17.4,0.0254,55.5,0.0165706
121771,4000,17.4,0.0254,55.5,0.0165706
118941,5000,17.4,0.0254,55.5,0.0165706
114861,6300,17.4,0.0254,55.5,0.0165706
114044,200,17.4,0.0254,39.6,0.0172206
114714,250,17.4,0.0254,39.6,0.0172206
115144,315,17.4,0.0254,39.6,0.0172206
115444,400,17.4,0.0254,39.6,0.0172206
117514,500,17.4,0.0254,39.6,0.0172206
124514,630,17.4,0.0254,39.6,0.0172206
135324,800,17.4,0.0254,39.6,0.0172206
138274,1000,17.4,0.0254,39.6,0.0172206
131364,1250,17.4,0.0254,39.6,0.0172206
127614,1600,17.4,0.0254,39.6,0.0172206
126644,2000,17.4,0.0254,39.6,0.0172206
124154,2500,17.4,0.0254,39.6,0.0172206
123564,3150,17.4,0.0254,39.6,0.0172206
122724,4000,17.4,0.0254,39.6,0.0172206
119854,5000,17.4,0.0254,39.6,0.0172206
116146,200,17.4,0.0254,31.7,0.0176631
116956,250,17.4,0.0254,31.7,0.0176631
118416,315,17.4,0.0254,31.7,0.0176631
120766,400,17.4,0.0254,31.7,0.0176631
127676,500,17.4,0.0254,31.7,0.0176631
136886,630,17.4,0.0254,31.7,0.0176631
139226,800,17.4,0.0254,31.7,0.0176631
131796,1000,17.4,0.0254,31.7,0.0176631
128306,1250,17.4,0.0254,31.7,0.0176631
126846,1600,17.4,0.0254,31.7,0.0176631
124356,2000,17.4,0.0254,31.7,0.0176631
124166,2500,17.4,0.0254,31.7,0.0176631
123466,3150,17.4,0.0254,31.7,0.0176631
121996,4000,17.4,0.0254,31.7,0.0176631
117996,5000,17.4,0.0254,31.7,0.0176631
115857,315,22.2,0.0254,71.3,0.0214178
117927,400,22.2,0.0254,71.3,0.0214178
117967,500,22.2,0.0254,71.3,0.0214178
120657,630,22.2,0.0254,71.3,0.0214178
123227,800,22.2,0.0254,71.3,0.0214178
134247,1000,22.2,0.0254,71.3,0.0214178
140987,1250,22.2,0.0254,71.3,0.0214178
131817,1600,22.2,0.0254,71.3,0.0214178
127197,2000,22.2,0.0254,71.3,0.0214178
126097,2500,22.2,0.0254,71.3,0.0214178
124127,3150,22.2,0.0254,71.3,0.0214178
123917,4000,22.2,0.0254,71.3,0.0214178
125727,5000,22.2,0.0254,71.3,0.0214178
123127,6300,22.2,0.0254,71.3,0.0214178
121657,8000,22.2,0.0254,71.3,0.0214178
116066,200,22.2,0.0254,39.6,0.0229028
117386,250,22.2,0.0254,39.6,0.0229028
120716,315,22.2,0.0254,39.6,0.0229028
123416,400,22.2,0.0254,39.6,0.0229028
129776,500,22.2,0.0254,39.6,0.0229028
137026,630,22.2,0.0254,39.6,0.0229028
137076,800,22.2,0.0254,39.6,0.0229028
128416,1000,22.2,0.0254,39.6,0.0229028
126446,1250,22.2,0.0254,39.6,0.0229028
122216,1600,22.2,0.0254,39.6,0.0229028
121256,2000,22.2,0.0254,39.6,0.0229028
121306,2500,22.2,0.0254,39.6,0.0229028
120856,3150,22.2,0.0254,39.6,0.0229028
119646,4000,22.2,0.0254,39.6,0.0229028
118816,5000,22.2,0.0254,39.6,0.0229028
124155,630,0,0.1016,71.3,0.00121072
126805,800,0,0.1016,71.3,0.00121072
128825,1000,0,0.1016,71.3,0.00121072
130335,1250,0,0.1016,71.3,0.00121072
131725,1600,0,0.1016,71.3,0.00121072
132095,2000,0,0.1016,71.3,0.00121072
132595,2500,0,0.1016,71.3,0.00121072
131955,3150,0,0.1016,71.3,0.00121072
130935,4000,0,0.1016,71.3,0.00121072
130795,5000,0,0.1016,71.3,0.00121072
129395,6300,0,0.1016,71.3,0.00121072
125465,8000,0,0.1016,71.3,0.00121072
123305,10000,0,0.1016,71.3,0.00121072
119375,12500,0,0.1016,71.3,0.00121072
126.17,630,0,0.1016,55.5,0.00131983
127.92,800,0,0.1016,55.5,0.00131983
129.8,1000,0,0.1016,55.5,0.00131983
131.43,1250,0,0.1016,55.5,0.00131983
132.05,1600,0,0.1016,55.5,0.00131983
132.54,2000,0,0.1016,55.5,0.00131983
133.04,2500,0,0.1016,55.5,0.00131983
131.78,3150,0,0.1016,55.5,0.00131983
129.5,4000,0,0.1016,55.5,0.00131983
128.36,5000,0,0.1016,55.5,0.00131983
127.73,6300,0,0.1016,55.5,0.00131983
124.45,8000,0,0.1016,55.5,0.00131983
121.93,10000,0,0.1016,55.5,0.00131983
119.91,12500,0,0.1016,55.5,0.00131983
125401,630,0,0.1016,39.6,0.00146332
128401,800,0,0.1016,39.6,0.00146332
130781,1000,0,0.1016,39.6,0.00146332
132271,1250,0,0.1016,39.6,0.00146332
133261,1600,0,0.1016,39.6,0.00146332
133251,2000,0,0.1016,39.6,0.00146332
132611,2500,0,0.1016,39.6,0.00146332
130961,3150,0,0.1016,39.6,0.00146332
127801,4000,0,0.1016,39.6,0.00146332
126021,5000,0,0.1016,39.6,0.00146332
125631,6300,0,0.1016,39.6,0.00146332
122341,8000,0,0.1016,39.6,0.00146332
119561,10000,0,0.1016,39.6,0.00146332
126413,630,0,0.1016,31.7,0.00150092
129053,800,0,0.1016,31.7,0.00150092
131313,1000,0,0.1016,31.7,0.00150092
133063,1250,0,0.1016,31.7,0.00150092
133553,1600,0,0.1016,31.7,0.00150092
133153,2000,0,0.1016,31.7,0.00150092
132003,2500,0,0.1016,31.7,0.00150092
129973,3150,0,0.1016,31.7,0.00150092
126933,4000,0,0.1016,31.7,0.00150092
124393,5000,0,0.1016,31.7,0.00150092
124253,6300,0,0.1016,31.7,0.00150092
120193,8000,0,0.1016,31.7,0.00150092
115893,10000,0,0.1016,31.7,0.00150092
131074,800,3.3,0.1016,71.3,0.00202822
131434,1000,3.3,0.1016,71.3,0.00202822
132304,1250,3.3,0.1016,71.3,0.00202822
133664,1600,3.3,0.1016,71.3,0.00202822
134034,2000,3.3,0.1016,71.3,0.00202822
133894,2500,3.3,0.1016,71.3,0.00202822
132114,3150,3.3,0.1016,71.3,0.00202822
128704,4000,3.3,0.1016,71.3,0.00202822
127054,5000,3.3,0.1016,71.3,0.00202822
124904,6300,3.3,0.1016,71.3,0.00202822
121234,8000,3.3,0.1016,71.3,0.00202822
116694,10000,3.3,0.1016,71.3,0.00202822
126599,630,3.3,0.1016,55.5,0.002211
129119,800,3.3,0.1016,55.5,0.002211
131129,1000,3.3,0.1016,55.5,0.002211
132769,1250,3.3,0.1016,55.5,0.002211
133649,1600,3.3,0.1016,55.5,0.002211
133649,2000,3.3,0.1016,55.5,0.002211
132889,2500,3.3,0.1016,55.5,0.002211
130629,3150,3.3,0.1016,55.5,0.002211
127229,4000,3.3,0.1016,55.5,0.002211
124839,5000,3.3,0.1016,55.5,0.002211
123839,6300,3.3,0.1016,55.5,0.002211
120569,8000,3.3,0.1016,55.5,0.002211
115659,10000,3.3,0.1016,55.5,0.002211
127251,630,3.3,0.1016,39.6,0.00245138
129991,800,3.3,0.1016,39.6,0.00245138
131971,1000,3.3,0.1016,39.6,0.00245138
133211,1250,3.3,0.1016,39.6,0.00245138
133071,1600,3.3,0.1016,39.6,0.00245138
132301,2000,3.3,0.1016,39.6,0.00245138
130791,2500,3.3,0.1016,39.6,0.00245138
128401,3150,3.3,0.1016,39.6,0.00245138
124881,4000,3.3,0.1016,39.6,0.00245138
122371,5000,3.3,0.1016,39.6,0.00245138
120851,6300,3.3,0.1016,39.6,0.00245138
118091,8000,3.3,0.1016,39.6,0.00245138
115321,10000,3.3,0.1016,39.6,0.00245138
128952,630,3.3,0.1016,31.7,0.00251435
131362,800,3.3,0.1016,31.7,0.00251435
133012,1000,3.3,0.1016,31.7,0.00251435
134022,1250,3.3,0.1016,31.7,0.00251435
133402,1600,3.3,0.1016,31.7,0.00251435
131642,2000,3.3,0.1016,31.7,0.00251435
130392,2500,3.3,0.1016,31.7,0.00251435
128252,3150,3.3,0.1016,31.7,0.00251435
124852,4000,3.3,0.1016,31.7,0.00251435
122082,5000,3.3,0.1016,31.7,0.00251435
120702,6300,3.3,0.1016,31.7,0.00251435
117432,8000,3.3,0.1016,31.7,0.00251435
131448,630,6.7,0.1016,71.3,0.00478288
134478,800,6.7,0.1016,71.3,0.00478288
136758,1000,6.7,0.1016,71.3,0.00478288
137658,1250,6.7,0.1016,71.3,0.00478288
136678,1600,6.7,0.1016,71.3,0.00478288
134568,2000,6.7,0.1016,71.3,0.00478288
131458,2500,6.7,0.1016,71.3,0.00478288
124458,3150,6.7,0.1016,71.3,0.00478288
129343,500,6.7,0.1016,55.5,0.0052139
133023,630,6.7,0.1016,55.5,0.0052139
135953,800,6.7,0.1016,55.5,0.0052139
137233,1000,6.7,0.1016,55.5,0.0052139
136883,1250,6.7,0.1016,55.5,0.0052139
133653,1600,6.7,0.1016,55.5,0.0052139
129653,2000,6.7,0.1016,55.5,0.0052139
124273,2500,6.7,0.1016,55.5,0.0052139
128295,400,6.7,0.1016,39.6,0.00578076
130955,500,6.7,0.1016,39.6,0.00578076
133355,630,6.7,0.1016,39.6,0.00578076
134625,800,6.7,0.1016,39.6,0.00578076
134515,1000,6.7,0.1016,39.6,0.00578076
132395,1250,6.7,0.1016,39.6,0.00578076
127375,1600,6.7,0.1016,39.6,0.00578076
122235,2000,6.7,0.1016,39.6,0.00578076
126266,315,6.7,0.1016,31.7,0.00592927
128296,400,6.7,0.1016,31.7,0.00592927
130206,500,6.7,0.1016,31.7,0.00592927
132116,630,6.7,0.1016,31.7,0.00592927
132886,800,6.7,0.1016,31.7,0.00592927
131636,1000,6.7,0.1016,31.7,0.00592927
129256,1250,6.7,0.1016,31.7,0.00592927
124346,1600,6.7,0.1016,31.7,0.00592927
120446,2000,6.7,0.1016,31.7,0.00592927
133503,200,8.9,0.1016,71.3,0.0103088
134533,250,8.9,0.1016,71.3,0.0103088
136583,315,8.9,0.1016,71.3,0.0103088
138123,400,8.9,0.1016,71.3,0.0103088
138523,500,8.9,0.1016,71.3,0.0103088
138423,630,8.9,0.1016,71.3,0.0103088
137813,800,8.9,0.1016,71.3,0.0103088
135433,1000,8.9,0.1016,71.3,0.0103088
132793,1250,8.9,0.1016,71.3,0.0103088
128763,1600,8.9,0.1016,71.3,0.0103088
124233,2000,8.9,0.1016,71.3,0.0103088
123623,2500,8.9,0.1016,71.3,0.0103088
123263,3150,8.9,0.1016,71.3,0.0103088
120243,4000,8.9,0.1016,71.3,0.0103088
116723,5000,8.9,0.1016,71.3,0.0103088
117253,6300,8.9,0.1016,71.3,0.0103088
133.42,200,8.9,0.1016,39.6,0.0124596
134.34,250,8.9,0.1016,39.6,0.0124596
135.38,315,8.9,0.1016,39.6,0.0124596
135.54,400,8.9,0.1016,39.6,0.0124596
133.79,500,8.9,0.1016,39.6,0.0124596
131.92,630,8.9,0.1016,39.6,0.0124596
130.94,800,8.9,0.1016,39.6,0.0124596
129.58,1000,8.9,0.1016,39.6,0.0124596
127.71,1250,8.9,0.1016,39.6,0.0124596
123.82,1600,8.9,0.1016,39.6,0.0124596
119.04,2000,8.9,0.1016,39.6,0.0124596
119.19,2500,8.9,0.1016,39.6,0.0124596
119.35,3150,8.9,0.1016,39.6,0.0124596
116.22,4000,8.9,0.1016,39.6,0.0124596
113.08,5000,8.9,0.1016,39.6,0.0124596
113.11,6300,8.9,0.1016,39.6,0.0124596
130588,200,12.3,0.1016,71.3,0.0337792
131568,250,12.3,0.1016,71.3,0.0337792
137068,315,12.3,0.1016,71.3,0.0337792
139428,400,12.3,0.1016,71.3,0.0337792
140158,500,12.3,0.1016,71.3,0.0337792
135368,630,12.3,0.1016,71.3,0.0337792
127318,800,12.3,0.1016,71.3,0.0337792
127928,1000,12.3,0.1016,71.3,0.0337792
126648,1250,12.3,0.1016,71.3,0.0337792
124748,1600,12.3,0.1016,71.3,0.0337792
122218,2000,12.3,0.1016,71.3,0.0337792
121318,2500,12.3,0.1016,71.3,0.0337792
120798,3150,12.3,0.1016,71.3,0.0337792
118018,4000,12.3,0.1016,71.3,0.0337792
116108,5000,12.3,0.1016,71.3,0.0337792
113958,6300,12.3,0.1016,71.3,0.0337792
132304,200,12.3,0.1016,55.5,0.0368233
133294,250,12.3,0.1016,55.5,0.0368233
135674,315,12.3,0.1016,55.5,0.0368233
136414,400,12.3,0.1016,55.5,0.0368233
133774,500,12.3,0.1016,55.5,0.0368233
124244,630,12.3,0.1016,55.5,0.0368233
125114,800,12.3,0.1016,55.5,0.0368233
125484,1000,12.3,0.1016,55.5,0.0368233
124214,1250,12.3,0.1016,55.5,0.0368233
121824,1600,12.3,0.1016,55.5,0.0368233
118564,2000,12.3,0.1016,55.5,0.0368233
117054,2500,12.3,0.1016,55.5,0.0368233
116914,3150,12.3,0.1016,55.5,0.0368233
114404,4000,12.3,0.1016,55.5,0.0368233
112014,5000,12.3,0.1016,55.5,0.0368233
110124,6300,12.3,0.1016,55.5,0.0368233
128545,200,12.3,0.1016,39.6,0.0408268
129675,250,12.3,0.1016,39.6,0.0408268
129415,315,12.3,0.1016,39.6,0.0408268
128265,400,12.3,0.1016,39.6,0.0408268
122205,500,12.3,0.1016,39.6,0.0408268
121315,630,12.3,0.1016,39.6,0.0408268
122315,800,12.3,0.1016,39.6,0.0408268
122435,1000,12.3,0.1016,39.6,0.0408268
121165,1250,12.3,0.1016,39.6,0.0408268
117875,1600,12.3,0.1016,39.6,0.0408268
114085,2000,12.3,0.1016,39.6,0.0408268
113315,2500,12.3,0.1016,39.6,0.0408268
113055,3150,12.3,0.1016,39.6,0.0408268
110905,4000,12.3,0.1016,39.6,0.0408268
108625,5000,12.3,0.1016,39.6,0.0408268
107985,6300,12.3,0.1016,39.6,0.0408268
124987,200,12.3,0.1016,31.7,0.0418756
125857,250,12.3,0.1016,31.7,0.0418756
124717,315,12.3,0.1016,31.7,0.0418756
123207,400,12.3,0.1016,31.7,0.0418756
118667,500,12.3,0.1016,31.7,0.0418756
119287,630,12.3,0.1016,31.7,0.0418756
120037,800,12.3,0.1016,31.7,0.0418756
119777,1000,12.3,0.1016,31.7,0.0418756
118767,1250,12.3,0.1016,31.7,0.0418756
114477,1600,12.3,0.1016,31.7,0.0418756
110447,2000,12.3,0.1016,31.7,0.0418756
110317,2500,12.3,0.1016,31.7,0.0418756
110307,3150,12.3,0.1016,31.7,0.0418756
108407,4000,12.3,0.1016,31.7,0.0418756
107147,5000,12.3,0.1016,31.7,0.0418756
107267,6300,12.3,0.1016,31.7,0.0418756
130898,200,15.6,0.1016,71.3,0.0437259
132158,250,15.6,0.1016,71.3,0.0437259
133808,315,15.6,0.1016,71.3,0.0437259
134058,400,15.6,0.1016,71.3,0.0437259
130638,500,15.6,0.1016,71.3,0.0437259
122288,630,15.6,0.1016,71.3,0.0437259
124188,800,15.6,0.1016,71.3,0.0437259
124438,1000,15.6,0.1016,71.3,0.0437259
123178,1250,15.6,0.1016,71.3,0.0437259
121528,1600,15.6,0.1016,71.3,0.0437259
119888,2000,15.6,0.1016,71.3,0.0437259
118998,2500,15.6,0.1016,71.3,0.0437259
116468,3150,15.6,0.1016,71.3,0.0437259
113298,4000,15.6,0.1016,71.3,0.0437259
123514,200,15.6,0.1016,39.6,0.0528487
124644,250,15.6,0.1016,39.6,0.0528487
122754,315,15.6,0.1016,39.6,0.0528487
120484,400,15.6,0.1016,39.6,0.0528487
115304,500,15.6,0.1016,39.6,0.0528487
118084,630,15.6,0.1016,39.6,0.0528487
118964,800,15.6,0.1016,39.6,0.0528487
119224,1000,15.6,0.1016,39.6,0.0528487
118214,1250,15.6,0.1016,39.6,0.0528487
114554,1600,15.6,0.1016,39.6,0.0528487
110894,2000,15.6,0.1016,39.6,0.0528487
110264,2500,15.6,0.1016,39.6,0.0528487
109254,3150,15.6,0.1016,39.6,0.0528487
106604,4000,15.6,0.1016,39.6,0.0528487
106224,5000,15.6,0.1016,39.6,0.0528487
104204,6300,15.6,0.1016,39.6,0.0528487
