"target","Attribute1","Attribute2","Attribute3","Attribute4","Attribute5","Attribute6","Attribute7","Attribute8","Attribute9","Attribute10","Attribute11","Attribute12","Attribute13","Attribute14","Attribute15"
33,1,599,3,3,992,10,70,14.69,6,9,1,20,27,33,2
40,1,599,3,3,992,10,88,18.46,6,9,1,20,27,33,2
40,1,599,3,3,992,10,88,18.46,6,9,1,20,27,33,2
40,1,599,3,3,992,10,88,18.46,6,9,1,20,27,33,2
40,1,599,3,3,992,10,88,18.46,6,9,1,20,27,33,2
38,1,796,3,3,1.51,9,69,10.89,6,12,1,25,27,33,2
38,1,796,3,3,1.51,9,69,10.89,6,12,1,25,27,33,2
30,2,799,3,3,1.26,19,100,15.73,6,9,1,20,27,33,2
30,2,799,3,3,1.26,19,100,15.73,6,9,1,20,27,33,2
29,1,899,4,3,1.42,9,65,9.09,7,11,1,23,27,33,2
33,1,954,4,3,0.886,9,74,9.75,6,12,1,25,27,33,2
40,1,973,3,3,1.84,10,82,10.59,6,9,2,20,27,33,4
40,1,973,3,3,1.84,10,82,10.59,6,9,2,20,27,33,4
43,1,973,4,3,1.84,10,85,10.98,6,9,2,20,27,33,4
41,1,989,3,3,1125,10,88,11.18,6,14,2,21,27,33,4
41,1,989,3,3,1125,10,88,11.18,6,14,2,21,27,33,4
41,1,989,3,3,1125,10,88,11.18,6,14,2,21,27,33,4
41,1,989,3,3,1125,10,88,11.18,6,14,2,21,27,33,4
41,1,989,3,3,1125,10,88,11.18,6,14,2,21,27,33,4
41,1,989,3,3,1125,10,88,11.18,6,14,2,21,27,33,4
41,1,989,3,3,1125,10,88,11.18,6,14,2,21,27,33,4
41,1,989,3,3,1125,10,88,11.18,6,14,2,21,27,33,4
41,1,989,3,3,1125,10,88,11.18,6,14,2,21,27,33,4
41,1,989,3,3,1125,10,88,11.18,6,14,2,21,27,33,4
41,1,989,3,3,1125,10,88,11.18,6,14,2,21,27,33,4
41,1,989,3,3,1125,10,88,11.18,6,14,2,21,27,33,4
41,1,989,3,3,1125,10,88,11.18,6,14,2,21,27,33,4
41,1,989,3,3,1125,10,88,11.18,6,14,2,21,27,33,4
41,1,989,3,3,1125,10,88,11.18,6,14,2,21,27,33,4
41,1,989,3,3,1125,10,88,11.18,6,14,2,21,27,33,4
39,1,993,3,3,1.41,10,76,9.62,6,12,1,21,27,33,2
39,1,993,3,3,1.41,10,76,9.62,6,12,1,21,27,33,2
40,1,993,4,3,847,9,77,9.74,6,12,1,25,27,33,2
40,1,993,4,3,847,9,77,9.74,6,12,1,25,27,33,2
56,1,995,3,3,1.132,11,113,14.27,6,12,1,19,32,33,4
37,1,997,4,3,0.85,10,84,10.59,7,15,1,25,27,33,2
40,1,998,4,3,887,10,79,9.95,6,15,2,21,27,33,4
40,1,998,4,3,887,10,79,9.95,6,15,2,21,27,33,4
40,1,998,4,3,887,10,79,9.95,6,15,2,21,27,33,4
40,1,998,4,3,887,10,79,9.95,6,15,2,21,27,33,4
50,1,998,4,3,0.967,10,90,11.33,6,11,2,21,29,33,4
50,1,998,4,3,0.967,10,90,11.33,6,11,2,21,29,33,4
50,1,998,4,3,0.967,10,90,11.33,6,11,2,21,29,33,4
37,1,999,4,3,1.52,11,86,10.82,6,12,1,20,27,33,2
37,1,999,4,3,1.52,11,86,10.82,6,12,1,20,27,33,2
37,1,999,4,3,1.52,11,86,10.82,6,12,1,20,27,33,2
40,1,999,4,3,1.16,10,82,10.31,6,12,1,25,27,33,3
40,1,999,4,3,1.16,10,82,10.31,6,12,1,25,27,33,3
40,1,999,4,3,1.16,10,82,10.31,6,12,1,25,27,33,3
40,1,999,4,3,1.16,10,82,10.31,6,12,1,25,27,33,3
40,1,1108,4,3,1.29,10,86,9.75,6,12,1,21,27,33,2
40,1,1108,4,3,1.29,10,86,9.75,6,12,1,21,27,33,2
44,1,1124,4,3,958,9,88,9.84,6,12,1,25,27,33,2
44,1,1124,4,3,958,10,91,10.17,6,12,1,20,27,33,2
44,1,1124,4,3,958,10,91,10.17,6,12,1,20,27,33,2
44,1,1124,4,3,958,10,91,10.17,6,12,1,20,27,33,2
44,1,1124,4,3,958,10,91,10.17,6,12,1,20,27,33,2
44,1,1124,4,3,958,10,91,10.17,6,12,1,20,27,33,2
44,1,1124,4,3,958,10,91,10.17,6,12,1,20,27,33,2
44,1,1124,4,3,958,10,91,10.17,6,12,1,20,27,33,2
43,1,1149,4,3,1113,10,93,10.17,6,12,1,19,27,33,2
43,1,1149,4,3,1113,10,93,10.17,6,12,1,19,27,33,2
43,1,1149,4,3,1113,10,93,10.17,6,12,1,19,27,33,2
43,1,1149,4,3,1113,10,93,10.17,6,12,1,19,27,33,2
43,1,1149,4,3,1113,10,93,10.17,6,12,1,19,27,33,2
43,1,1149,4,3,1113,10,93,10.17,6,12,1,19,27,33,2
45,2,1191,3,3,1129,20,140,14.77,6,12,1,21,0,0,2
48,1,1199,4,3,1.1,10,110,11.53,6,15,2,20,27,33,4
48,1,1199,4,3,1.1,10,110,11.53,6,15,2,20,27,33,4
48,1,1199,4,3,1.1,10,110,11.53,6,15,2,20,27,33,4
48,1,1199,4,3,1.1,10,110,11.53,6,15,2,20,27,33,4
48,1,1199,4,3,1.1,10,110,11.53,6,15,2,20,27,33,4
48,1,1199,4,3,1.1,10,110,11.53,6,15,2,20,27,33,4
55,1,1199,4,3,1.1,10,110,11.53,6,9,2,20,27,33,4
54,1,1241,4,3,1113,10,104,10.53,6,12,1,21,27,33,2
44,1,1242,4,3,1114,10,102,10.32,6,12,1,21,27,33,2
44,1,1242,4,3,1114,10,102,10.32,6,12,1,21,27,33,2
44,1,1242,4,3,1114,10,98,9.92,6,12,1,21,27,33,2
44,1,1242,4,3,1114,10,98,9.92,6,12,1,21,27,33,2
55,1,1242,4,3,1.64,10,110,11.13,6,14,2,21,27,33,4
55,1,1242,4,3,1.64,10,110,11.13,6,14,2,21,27,33,4
55,1,1242,4,3,1.64,10,110,11.13,6,12,2,21,27,33,4
59,1,1242,4,3,1114,11,114,11.53,6,12,2,21,27,33,4
59,1,1242,4,3,1114,11,114,11.53,6,12,2,21,27,33,4
59,1,1242,4,3,1114,11,114,11.53,6,12,2,21,27,33,4
59,1,1242,4,3,1114,11,114,11.53,6,12,2,21,27,33,4
59,1,1242,4,3,1114,11,114,11.53,6,12,2,21,27,33,4
59,1,1242,4,3,1114,11,114,11.53,6,12,2,21,27,33,4
59,1,1242,4,3,1114,11,114,11.53,6,12,2,21,27,33,4
59,1,1242,4,3,1114,11,114,11.53,6,12,2,21,27,33,4
59,1,1242,4,3,1114,11,114,11.53,6,12,2,21,27,33,4
60,1,1242,4,3,1114,10,113,11.43,6,14,2,21,27,33,4
60,1,1242,4,3,1114,10,113,11.43,6,14,2,21,27,33,4
63,1,1242,4,3,1114,10,113,11.43,6,14,2,21,27,33,4
55,1,1275,4,3,1.134,10,103,10.15,6,15,2,21,27,33,4
55,1,1275,4,3,1.134,10,103,10.15,6,15,2,21,27,33,4
40,1,1289,4,3,0.954,10,99,9.65,7,15,1,25,27,33,2
50,1,1289,4,3,0.954,10,106,10.33,7,15,1,25,27,33,2
44,1,1296,4,3,0.94,10,84,8.14,6,12,1,25,27,33,4
44,1,1296,4,3,0.94,10,84,8.14,6,12,1,25,27,33,4
61,1,1296,4,3,0.94,10,105,10.18,6,12,1,25,27,33,4
61,1,1296,4,3,0.94,10,105,10.18,6,12,1,25,27,33,4
61,1,1296,4,3,0.94,10,105,10.18,6,12,1,25,27,33,4
61,1,1296,4,3,0.94,10,105,10.18,6,12,1,25,27,33,4
62,1,1296,4,3,0.94,10,105,10.18,6,12,1,25,27,33,4
62,1,1296,4,3,0.94,10,105,10.18,6,12,1,25,27,33,4
37,1,1297,4,3,1.21,10,93,9.01,7,9,1,23,27,33,2
37,1,1297,4,3,1.21,10,93,9.01,7,9,1,23,27,33,2
44,1,1297,4,3,1.21,10,103,9.98,7,9,1,23,27,33,2
44,1,1297,4,3,1.21,10,105,10.17,7,9,1,23,27,33,2
44,1,1297,4,3,1.21,10,105,10.17,7,9,1,23,27,33,2
50,1,1299,4,3,1.2,10,99,9.58,6,12,1,25,27,33,2
50,1,1299,4,3,1.2,10,99,9.58,6,12,1,25,27,33,2
50,1,1299,4,3,1.2,10,99,9.58,6,12,1,25,27,33,2
51,1,1299,4,3,1.2,10,103,9.96,6,12,1,25,27,33,2
51,1,1299,4,3,1.2,10,103,9.96,6,12,1,25,27,33,2
55,1,1299,4,3,1155,10,108,10.45,6,12,1,19,27,33,3
55,1,1299,4,3,1155,10,108,10.45,6,12,1,19,27,33,3
55,1,1299,4,3,1155,10,107,10.35,6,12,1,19,27,33,3
55,1,1299,4,3,1155,10,107,10.35,6,12,1,19,27,33,3
55,1,1299,4,3,1155,10,107,10.35,6,12,1,19,27,33,3
56,1,1299,4,3,1.2,10,115,11.13,6,12,1,26,27,33,4
56,1,1299,4,3,1.2,10,115,11.13,6,12,1,26,27,33,4
59,1,1299,4,3,1.2,10,104,10.06,6,12,1,26,27,33,4
59,1,1299,4,3,1.2,10,104,10.06,6,12,1,26,27,33,4
59,1,1299,4,3,1.2,10,104,10.06,6,12,1,26,27,33,4
63,1,1299,4,3,1.2,10,106,10.25,6,12,1,26,27,33,4
63,1,1299,4,3,1.2,10,106,10.25,6,12,1,26,27,33,4
63,1,1299,4,3,1.2,10,106,10.25,6,12,1,26,27,33,4
63,1,1299,4,3,1.2,10,106,10.25,6,12,1,26,27,33,4
63,1,1299,4,3,0.98,11,124,12,6,11,2,21,29,33,4
63,1,1299,4,3,0.98,11,124,12,6,11,2,21,29,33,4
63,1,1299,4,3,0.98,11,124,12,6,11,2,21,29,33,4
63,1,1299,4,3,0.98,11,124,12,6,11,2,21,29,33,4
63,1,1299,4,3,1155,10,117,11.32,6,12,1,19,27,33,4
46,1,1324,4,3,1178,9,103,9.78,6,12,1,19,27,33,4
47,1,1324,4,3,1178,10,102,9.68,6,12,1,25,27,33,2
47,1,1324,4,3,1178,10,102,9.68,6,12,1,25,27,33,2
47,1,1324,4,3,1178,10,102,9.68,6,12,1,25,27,33,2
47,1,1324,4,3,1178,10,102,9.68,6,12,1,25,27,33,2
47,1,1324,4,3,1178,10,102,9.68,6,12,1,25,27,33,2
47,1,1324,4,3,1178,10,102,9.68,6,12,1,25,27,33,2
54,1,1324,4,3,1178,9,108,10.25,6,12,1,19,27,33,4
54,1,1324,4,3,1178,9,108,10.25,6,12,1,19,27,33,4
54,1,1324,4,3,1178,9,108,10.25,6,12,1,19,27,33,4
54,1,1324,4,3,1178,9,108,10.25,6,12,1,19,27,33,4
55,1,1341,4,3,1168,10,114,10.68,6,12,1,19,27,33,3
55,1,1341,4,3,1168,10,114,10.68,6,12,1,19,27,33,3
63,1,1341,4,3,1168,10,115,10.78,6,12,1,19,27,33,3
63,1,1341,4,3,1168,10,115,10.78,6,12,1,19,27,33,3
48,1,1343,4,3,1.13,9,108,10.11,6,12,1,25,27,33,2
48,1,1343,4,3,1.13,9,108,10.11,6,12,1,25,27,33,2
55,1,1349,4,3,0.96,10,115,10.71,6,12,1,0,27,33,2
55,1,1349,4,3,0.96,10,115,10.71,6,12,1,0,27,33,2
55,1,1361,4,3,1.27,10,111,10.25,6,12,1,25,27,33,2
55,1,1361,4,3,1.27,10,111,10.25,6,12,1,25,27,33,2
55,1,1361,4,3,1.27,10,111,10.25,6,12,1,25,27,33,2
55,1,1361,4,3,1.27,10,111,10.25,6,12,1,25,27,33,2
55,1,1361,4,3,1.27,10,111,10.25,6,12,1,25,27,33,2
55,1,1361,4,3,1.27,10,111,10.25,6,12,1,25,27,33,2
55,1,1361,4,3,1.27,10,111,10.25,6,12,1,25,27,33,2
55,1,1361,4,3,1.27,10,111,10.25,6,12,1,25,27,33,2
55,1,1361,4,3,1.27,10,111,10.25,6,12,1,20,27,33,2
55,1,1361,4,3,1.27,10,111,10.25,6,12,1,20,27,33,2
55,1,1361,4,3,1.27,10,111,10.25,6,12,1,20,27,33,2
55,1,1361,4,3,1.27,10,111,10.25,6,12,1,20,27,33,2
55,1,1361,4,3,1.27,10,111,10.25,6,12,1,20,27,33,2
55,1,1361,4,3,1.27,10,111,10.25,6,12,1,20,27,33,2
55,1,1361,4,3,1.27,10,111,10.25,6,12,1,20,27,33,2
55,1,1361,4,3,1.27,10,111,10.25,6,12,1,25,27,33,2
55,1,1361,4,3,1.27,10,111,10.25,6,12,1,25,27,33,2
76,1,1370,4,3,0.791,11,124,11.37,6,12,2,21,28,33,4
76,1,1370,4,3,0.791,11,124,11.37,6,12,2,21,28,33,4
55,1,1388,4,3,1.7,11,123,11.14,6,14,2,21,27,33,4
66,1,1389,4,3,946,11,125,11.31,6,12,2,21,27,33,4
66,1,1389,4,3,946,11,125,11.31,6,12,2,21,27,33,4
66,1,1389,4,3,946,11,125,11.31,6,12,2,21,27,33,4
66,1,1389,4,3,946,11,125,11.31,6,12,2,21,27,33,4
44,1,1390,4,3,988,11,116,10.49,6,12,1,20,27,33,2
44,1,1390,4,3,988,10,116,10.49,6,12,1,20,27,33,2
44,1,1390,4,3,988,10,116,10.49,6,12,1,20,27,33,2
44,1,1390,4,3,988,10,116,10.49,6,12,1,20,27,33,2
55,1,1390,4,3,988,11,126,11.39,6,12,2,20,27,33,4
55,1,1390,4,3,988,11,128,11.57,6,12,2,20,27,33,4
55,1,1390,4,3,1.16,10,107,9.67,6,12,1,25,27,33,2
55,1,1390,4,3,1.16,10,114,10.31,6,12,1,19,27,33,2
55,1,1390,4,3,1.16,10,114,10.31,6,12,1,19,27,33,2
55,1,1390,4,3,988,11,128,11.57,6,12,2,20,27,33,4
55,1,1390,4,3,988,11,126,11.39,6,12,2,20,27,33,4
70,1,1390,4,3,1.16,9999,127,11.48,6,12,2,20,27,33,4
74,1,1390,4,3,988,11,128,11.57,6,12,2,20,27,33,4
74,1,1390,4,3,988,11,126,11.39,6,12,2,20,27,33,4
55,1,1392,4,3,1111,10,116,10.47,6,9,2,21,27,33,4
55,1,1396,4,3,1.53,10,112,10.08,6,12,1,25,27,33,4
55,1,1396,4,3,1.53,9,111,9.99,6,12,1,25,27,33,4
55,1,1396,4,3,1.53,9,111,9.99,6,12,1,25,27,33,4
62,1,1396,4,3,1.53,11,110,9.9,6,12,2,21,27,33,4
66,1,1396,4,3,1.53,10,127,11.43,6,12,1,25,27,33,4
66,1,1396,4,3,1.53,10,127,11.43,6,12,1,25,27,33,4
66,1,1396,4,3,1.53,10,127,11.43,6,12,1,25,27,33,4
66,1,1396,4,3,1.53,10,127,11.43,6,12,1,25,27,33,4
66,1,1396,4,3,1.53,9,120,10.8,6,12,1,25,27,33,4
66,1,1396,4,3,1.53,9,120,10.8,6,12,1,25,27,33,4
66,1,1396,4,3,1.53,9,120,10.8,6,12,1,25,27,33,4
66,1,1396,4,3,1.53,9,120,10.8,6,12,1,25,27,33,4
76,1,1396,4,3,1.53,11,123,11.07,6,12,2,21,27,33,4
76,1,1396,4,3,1.53,11,123,11.07,6,12,2,21,27,33,4
76,1,1396,4,3,1.53,11,123,11.07,6,12,2,21,27,33,4
50,1,1397,4,3,1.33,10,120,10.79,7,15,1,25,27,33,2
60,1,1397,4,3,0.869,11,130,11.69,6,9,1,19,27,33,2
60,1,1397,4,3,0.869,11,130,11.69,6,9,1,19,27,33,2
60,1,1397,4,3,0.869,11,130,11.69,6,9,1,19,27,33,2
60,1,1397,4,3,0.869,11,130,11.69,6,9,1,19,27,33,2
71,1,1398,4,3,0.93,11,130,11.69,6,11,2,21,29,33,4
71,1,1398,4,3,0.93,11,130,11.69,6,11,2,21,29,33,4
71,1,1398,4,3,0.93,11,130,11.69,6,11,2,21,29,33,4
71,1,1398,4,3,0.93,11,130,11.69,6,11,2,21,29,33,4
55,2,1422,3,3,1.21,20,195,17.23,6,12,1,21,0,0,2
55,2,1422,3,3,1.21,20,195,17.23,6,12,1,21,0,0,2
49,2,1487,4,3,1.79,22,132,11.16,6,12,1,21,0,0,2
65,1,1489,4,3,1.11,9,132,11.14,6,13,2,21,27,33,4
65,1,1489,4,3,1.11,9,132,11.14,6,13,2,21,27,33,4
84,1,1493,4,3,1127,10,134,11.28,6,12,1,25,32,33,4
84,1,1493,4,3,1127,10,134,11.28,6,12,1,25,32,33,4
84,1,1493,4,3,1127,10,134,11.28,6,12,1,25,32,33,4
84,1,1493,4,3,1127,10,134,11.28,6,12,1,25,32,33,4
84,1,1493,4,3,1127,10,134,11.28,6,12,1,25,32,33,4
84,1,1493,4,3,1127,10,134,11.28,6,12,1,25,32,33,4
55,1,1498,4,3,1.5,9,116,9.73,6,12,1,19,27,33,4
55,1,1498,4,3,1.5,9,116,9.73,6,12,1,19,27,33,4
59,1,1498,4,3,1.5,9,120,10.07,6,12,1,25,27,33,2
59,1,1498,4,3,1.5,9,120,10.07,6,12,1,25,27,33,2
59,1,1498,4,3,1.5,9,120,10.07,6,12,1,25,27,33,2
59,1,1498,4,3,1.5,9,120,10.07,6,12,1,25,27,33,2
63,1,1498,4,3,1.65,10,130,10.91,6,12,1,0,27,33,2
63,1,1498,4,3,1.65,10,130,10.91,6,12,1,0,27,33,2
63,1,1498,4,3,1.65,10,130,10.91,6,12,1,0,27,33,2
63,1,1498,4,3,1.65,10,130,10.91,6,12,1,0,27,33,2
65,1,1498,4,3,1.5,9,132,11.07,6,13,2,21,27,33,4
65,1,1498,4,3,1.5,9,132,11.07,6,13,2,21,27,33,4
65,1,1498,4,3,1.5,9,132,11.07,6,13,2,21,27,33,4
65,1,1498,4,3,1.5,9,132,11.07,6,13,2,21,27,33,4
65,1,1498,4,3,1.5,9,135,11.32,6,12,2,25,27,33,4
65,1,1498,4,3,1.5,9,135,11.32,6,12,2,25,27,33,4
65,1,1498,4,3,1.5,9,135,11.32,6,12,2,25,27,33,4
65,1,1498,4,3,1.5,9,135,11.32,6,12,2,25,27,33,4
66,1,1499,4,3,1.87,10,119,9.98,6,12,1,25,27,33,4
66,1,1499,4,3,1.87,10,119,9.98,6,12,1,25,27,33,4
40,2,1527,4,3,1.65,23,95,7.82,6,12,1,21,27,33,2
42,2,1527,4,3,1.65,23,95,7.82,6,12,1,21,27,33,2
74,1,1581,4,3,0.78,10,140,11.13,6,12,2,21,27,33,4
76,1,1581,4,3,0.78,10,144,11.45,6,12,2,21,27,33,4
76,1,1581,4,3,0.78,10,144,11.45,6,12,2,21,27,33,4
76,1,1581,4,3,0.78,10,144,11.45,6,12,2,21,27,33,4
76,1,1581,4,3,0.78,10,144,11.45,6,12,2,21,27,33,4
76,1,1581,4,3,0.78,10,144,11.45,6,12,2,21,27,33,4
76,1,1581,4,3,0.78,10,144,11.45,6,12,2,21,27,33,4
76,1,1581,4,3,0.78,11,144,11.45,6,12,2,21,27,33,4
76,1,1581,4,3,0.78,10,144,11.45,6,12,2,21,27,33,4
76,1,1581,4,3,0.78,10,144,11.45,6,12,2,21,27,33,4
76,1,1581,4,3,0.78,11,144,11.45,6,12,2,21,27,33,4
76,1,1581,4,3,0.78,11,144,11.45,6,12,2,21,27,33,4
65,1,1587,4,3,1.45,10,135,10.69,6,12,1,25,27,33,2
65,1,1587,4,3,1.45,10,135,10.69,6,12,1,25,27,33,2
65,1,1587,4,3,1.45,10,135,10.69,6,12,1,25,27,33,2
65,1,1587,4,3,1.45,10,135,10.69,6,12,1,20,27,33,2
65,1,1587,4,3,1.45,10,135,10.69,6,12,1,20,27,33,2
65,1,1587,4,3,1.45,10,135,10.69,6,12,1,20,27,33,2
65,1,1587,4,3,1.45,10,135,10.69,6,12,1,25,27,33,2
77,1,1587,4,3,951,10,143,11.32,6,12,2,21,27,33,4
77,1,1587,4,3,951,10,143,11.32,6,12,2,21,27,33,4
81,1,1587,4,3,951,10,145,11.48,6,14,2,21,27,33,4
81,1,1587,4,3,951,10,145,11.48,6,14,2,21,27,33,4
81,1,1587,4,3,951,10,145,11.48,6,14,2,21,27,33,4
87,1,1587,4,3,1.45,11,145,11.48,6,12,2,21,27,33,4
80,1,1588,4,3,988,11,138,10.92,6,12,2,21,27,33,4
80,1,1588,4,3,988,11,138,10.92,6,12,2,21,27,33,4
80,1,1588,4,3,988,11,138,10.92,6,12,2,21,27,33,4
116,1,1588,4,3,988,8,198,15.67,6,12,2,21,0,0,4
73,1,1589,4,3,1153,11,138,10.91,6,12,1,25,27,33,4
73,1,1589,4,3,1153,11,138,10.91,6,12,1,25,27,33,4
73,1,1589,4,3,1153,11,138,10.91,6,12,1,25,27,33,4
73,1,1589,4,3,1153,11,138,10.91,6,12,1,25,27,33,4
67,1,1590,4,3,1153,10,126,9.96,6,12,1,25,27,33,4
67,1,1590,4,3,1153,10,126,9.96,6,12,1,25,27,33,4
67,1,1590,4,3,1153,10,126,9.96,6,12,1,25,27,33,4
67,1,1590,4,3,1153,10,126,9.96,6,12,1,25,27,33,4
71,1,1590,4,3,1.2,10,134,10.59,6,12,1,26,27,33,4
71,1,1590,4,3,1.2,10,134,10.59,6,12,1,26,27,33,4
71,1,1590,4,3,1.2,10,134,10.59,6,12,1,26,27,33,4
71,1,1590,4,3,1.2,10,134,10.59,6,12,1,26,27,33,4
71,1,1590,4,3,1.2,10,134,10.59,6,12,1,26,27,33,4
71,1,1590,4,3,1.2,10,134,10.59,6,12,1,26,27,33,4
77,1,1590,4,3,1.2,9,140,11.06,6,12,1,25,27,33,4
77,1,1590,4,3,1.2,9,140,11.06,6,12,1,25,27,33,4
77,1,1590,4,3,1.2,10,135,10.67,6,12,1,25,27,33,4
77,1,1590,4,3,1.2,10,135,10.67,6,12,1,25,27,33,4
77,1,1590,4,3,1.2,10,135,10.67,6,12,1,25,27,33,4
77,1,1590,4,3,1.2,10,135,10.67,6,12,1,25,27,33,4
84,1,1590,4,3,1.2,9,140,11.06,6,12,1,25,32,33,4
85,1,1590,4,3,1.2,10,143,11.3,6,12,1,25,27,33,4
85,1,1590,4,3,1.2,10,143,11.3,6,12,1,25,27,33,4
85,1,1590,4,3,1.2,10,143,11.3,6,12,1,25,27,33,4
85,1,1590,4,3,1.2,10,143,11.3,6,12,1,25,27,33,4
74,1,1595,4,3,956,10,145,11.42,6,12,1,21,27,33,2
74,1,1595,4,3,956,10,145,11.42,6,12,1,21,27,33,2
74,1,1595,4,3,956,10,145,11.42,6,12,1,21,27,33,2
74,1,1595,4,3,956,10,145,11.42,6,12,1,21,27,33,2
74,1,1595,4,3,956,10,145,11.42,6,12,1,21,27,33,2
74,1,1595,4,3,956,10,145,11.42,6,12,1,21,27,33,2
74,1,1595,4,3,956,10,145,11.42,6,12,1,21,27,33,2
74,1,1595,4,3,956,10,145,11.42,6,12,1,21,27,33,2
74,1,1595,4,3,956,10,145,11.42,6,12,1,21,27,33,2
74,1,1595,4,3,956,10,145,11.42,6,12,1,21,27,33,2
74,1,1595,4,3,956,10,145,11.42,6,12,1,21,27,33,2
74,1,1595,4,3,956,10,145,11.42,6,12,1,20,27,33,2
74,1,1595,4,3,956,10,145,11.42,6,12,1,20,27,33,2
74,1,1595,4,3,956,10,140,11.03,6,12,1,21,27,33,2
74,1,1595,4,3,956,10,140,11.03,6,12,1,21,27,33,2
74,1,1595,4,3,956,10,145,11.42,6,12,1,21,27,33,2
74,1,1595,4,3,956,10,145,11.42,6,12,1,21,27,33,2
74,1,1595,4,3,956,10,140,11.03,6,12,1,21,27,33,2
74,1,1595,4,3,956,10,140,11.03,6,12,1,21,27,33,2
74,1,1595,4,3,956,10,145,11.42,6,12,1,21,27,33,2
74,1,1595,4,3,956,10,145,11.42,6,12,1,21,27,33,2
74,1,1595,4,3,956,10,145,11.42,6,12,1,21,27,33,2
74,1,1595,4,3,956,10,145,11.42,6,12,1,21,27,33,2
74,1,1595,4,3,956,10,145,11.42,6,12,1,21,27,33,2
74,1,1595,4,3,956,10,145,11.42,6,12,1,21,27,33,2
74,1,1595,4,3,956,10,145,11.42,6,12,1,21,27,33,2
118,1,1595,4,3,956,10,150,11.82,6,12,2,22,32,37,4
74,1,1596,4,3,1.3,11,145,11.42,6,14,2,21,27,33,4
74,1,1596,4,3,1.3,11,145,11.42,6,14,2,21,27,33,4
66,1,1597,4,3,0.957,10,137,10.78,6,12,1,19,27,33,4
66,1,1597,4,3,0.957,10,137,10.78,6,12,1,19,27,33,4
66,1,1597,4,3,1158,10,135,10.62,6,9,2,21,27,33,4
66,1,1597,4,3,1158,10,135,10.62,6,9,2,21,27,33,4
66,1,1597,4,3,1158,10,130,10.23,6,12,2,21,27,33,4
66,1,1597,4,3,1158,10,136,10.7,6,9,2,21,27,33,4
70,1,1597,4,5,0.749,10,143,11.25,6,12,2,25,27,33,4
70,1,1597,4,5,0.749,10,143,11.25,6,12,2,25,27,33,4
70,1,1597,4,3,0.957,10,135,10.62,6,12,1,19,27,33,4
70,1,1597,4,3,0.957,10,135,10.62,6,12,1,19,27,33,4
70,1,1597,4,3,0.957,10,135,10.62,6,12,1,19,27,33,4
70,1,1597,4,3,0.957,10,135,10.62,6,12,1,19,27,33,4
70,1,1597,4,3,0.957,10,135,10.62,6,12,1,19,27,33,4
70,1,1597,4,3,0.957,10,135,10.62,6,12,1,19,27,33,4
70,1,1597,4,3,1158,10,142,11.17,6,12,2,21,27,33,4
71,1,1597,4,3,1158,10,131,10.31,6,9,2,21,27,33,4
73,1,1597,4,3,0.957,10,137,10.78,6,12,1,19,27,33,4
73,1,1597,4,3,0.957,10,137,10.78,6,12,1,19,27,33,4
73,1,1597,4,3,0.957,10,137,10.78,6,12,1,19,27,33,4
73,1,1597,4,3,0.957,10,137,10.78,6,12,1,19,27,33,4
73,1,1597,4,3,1158,10,136,10.7,6,9,2,21,27,33,4
83,1,1597,4,3,0.957,10,137,10.78,6,12,1,25,27,33,4
83,1,1597,4,3,0.957,10,137,10.78,6,12,1,25,27,33,4
55,1,1598,4,3,1.32,10,128,10.07,6,12,1,22,27,33,2
55,1,1598,4,3,1.32,10,128,10.07,6,12,1,22,27,33,2
55,1,1598,4,3,1.32,10,128,10.07,6,12,1,22,27,33,2
55,1,1598,4,3,1.32,10,128,10.07,6,12,1,22,27,33,2
55,1,1598,4,3,1.32,10,128,10.07,6,12,1,22,27,33,2
55,1,1598,4,3,1.32,10,128,10.07,6,12,1,22,27,33,2
55,1,1598,4,3,1.32,10,128,10.07,6,12,1,22,27,33,2
55,1,1598,4,3,1.32,10,128,10.07,6,12,1,22,27,33,2
55,1,1598,4,3,1136,10,135,10.62,6,12,1,21,27,33,2
55,1,1598,4,3,1136,10,135,10.62,6,12,1,21,27,33,2
55,1,1598,4,3,1.13,9,130,10.22,6,12,1,25,27,33,2
55,1,1598,4,3,1.13,9,130,10.22,6,12,1,25,27,33,2
55,1,1598,4,3,1.32,10,128,10.07,6,12,1,22,27,33,2
55,1,1598,4,3,1.32,10,128,10.07,6,12,1,22,27,33,2
66,1,1598,4,3,1.13,10,137,10.77,6,12,1,25,27,33,2
66,1,1598,4,3,1.13,10,137,10.77,6,12,1,25,27,33,2
66,1,1598,4,3,1.13,10,137,10.77,6,12,1,25,27,33,2
66,1,1598,4,3,1.13,10,137,10.77,6,12,1,25,27,33,2
66,1,1598,4,3,1.13,10,137,10.77,6,12,1,25,27,33,2
66,1,1598,4,3,1.13,10,137,10.77,6,12,1,25,27,33,2
66,1,1598,4,3,1.13,10,137,10.77,6,12,1,25,27,33,2
66,1,1598,4,3,1.13,10,137,10.77,6,12,1,25,27,33,2
66,1,1598,4,3,1.13,10,137,10.77,6,12,1,25,27,33,2
66,1,1598,4,3,1.13,10,131,10.3,6,12,1,19,27,33,2
66,1,1598,4,3,1.13,10,131,10.3,6,12,1,19,27,33,2
74,1,1598,4,3,1.32,11,150,11.8,6,12,2,21,27,33,4
74,1,1598,4,3,1.32,11,150,11.8,6,12,2,21,27,33,4
74,1,1598,4,3,1.32,11,150,11.8,6,12,2,21,27,33,4
74,1,1598,4,3,1.32,11,150,11.8,6,12,2,21,27,33,4
74,1,1598,4,3,1.32,11,150,11.8,6,12,2,21,27,33,4
74,1,1598,4,3,1.32,11,150,11.8,6,12,2,21,27,33,4
74,1,1598,4,3,1.32,11,150,11.8,6,12,2,21,27,33,4
74,1,1598,4,3,1.32,11,150,11.8,6,12,2,21,27,33,4
74,1,1598,4,3,1.32,11,150,11.8,6,12,2,21,27,33,4
74,1,1598,4,3,1.32,11,150,11.8,6,12,2,21,27,33,4
74,1,1598,4,3,1.32,11,150,11.8,6,12,2,21,27,33,4
74,1,1598,4,3,1.32,11,150,11.8,6,12,2,21,27,33,4
74,1,1598,4,3,1.32,11,150,11.8,6,12,2,21,27,33,4
75,1,1598,4,3,0.994,11,150,11.8,6,9,1,19,27,33,2
75,1,1598,4,3,0.994,11,150,11.8,6,9,1,19,27,33,2
75,1,1598,4,3,0.994,11,150,11.8,6,9,1,19,27,33,2
75,1,1598,4,3,0.994,11,150,11.8,6,9,1,19,27,33,2
78,1,1598,4,3,1.32,11,148,11.64,6,12,2,21,27,33,4
78,1,1598,4,3,1.32,10,145,11.4,6,12,2,21,27,33,4
78,1,1598,4,3,1.32,10,145,11.4,6,12,2,21,27,33,4
79,1,1598,4,3,1.13,10,148,11.64,6,12,2,21,27,33,4
79,1,1598,4,3,1.13,10,148,11.64,6,12,2,20,27,33,4
79,1,1598,4,3,1.13,10,148,11.64,6,12,2,20,27,33,4
79,1,1598,4,3,1.13,10,148,11.64,6,12,2,20,27,33,4
79,1,1598,4,3,1.13,10,148,11.64,6,12,2,20,27,33,4
79,1,1598,4,3,1.13,10,148,11.64,6,12,2,20,27,33,4
79,1,1598,4,3,1.13,10,148,11.64,6,12,2,21,27,33,4
81,1,1598,4,3,1.72,9,134,10.54,6,12,2,21,27,33,4
81,1,1598,4,3,1.32,11,150,11.8,6,11,2,21,29,33,4
81,1,1598,4,3,1.32,11,150,11.8,6,11,2,21,29,33,4
81,1,1598,4,3,1.32,11,150,11.8,6,11,2,21,29,33,4
81,1,1598,4,3,1.32,11,150,11.8,6,11,2,21,29,33,4
81,1,1598,4,3,1.32,11,150,11.8,6,11,2,21,29,33,4
81,1,1598,4,3,1.32,11,150,11.8,6,11,2,21,29,33,4
81,1,1598,4,3,1.32,11,150,11.8,6,11,2,21,29,33,4
81,1,1598,4,3,1.32,11,150,11.8,6,11,2,21,29,33,4
88,1,1598,4,3,0.923,10,144,11.32,6,12,2,21,28,33,4
88,1,1598,4,3,0.923,10,144,11.32,6,12,2,21,28,33,4
88,1,1598,4,3,0.923,10,144,11.32,6,12,2,21,28,33,4
88,1,1598,4,3,0.923,10,144,11.32,6,12,2,21,28,33,4
85,1,1600,4,3,1.98,10,143,11.23,6,12,2,21,27,33,4
85,1,1600,4,3,1.98,10,143,11.23,6,12,2,21,27,33,4
85,1,1600,4,3,1.98,10,143,11.23,6,12,2,21,27,33,4
85,1,1600,4,3,1.98,10,143,11.23,6,12,2,21,27,33,4
66,2,1665,4,3,1.35,22,190,14.34,6,9,1,21,27,33,2
44,2,1686,4,3,1.89,22,112,8.35,6,12,1,21,0,0,2
44,2,1686,4,3,1.89,22,112,8.35,6,12,1,21,0,0,2
55,2,1686,4,3,1.89,18,165,12.3,6,12,2,21,27,33,4
55,2,1686,4,3,1.89,18,165,12.3,6,12,2,21,27,33,4
55,2,1686,4,3,1.89,18,165,12.3,6,12,2,21,27,33,4
55,2,1686,4,3,1.89,18,165,12.3,6,12,2,21,27,33,4
55,2,1686,4,3,1.89,18,165,12.3,6,12,2,21,27,33,4
44,2,1689,4,3,1.5,19,160,11.9,6,10,2,20,27,33,4
66,2,1689,4,3,1.5,19,180,13.39,6,10,2,20,27,33,4
66,2,1689,4,3,1.5,19,180,13.39,6,10,2,20,27,33,4
66,2,1689,4,3,1.5,19,180,13.39,6,10,2,20,27,33,4
51,2,1698,4,3,0.959,20,134,9.92,6,12,1,21,27,33,2
44,2,1716,4,3,1.87,20,115,8.42,6,12,1,21,0,0,2
85,1,1731,4,3,0.964,11,165,11.98,6,12,2,21,27,33,4
85,1,1731,4,3,0.964,11,165,11.98,6,12,2,21,27,33,4
85,1,1731,4,3,0.964,11,165,11.98,6,12,2,21,27,33,4
85,1,1731,4,3,0.964,11,165,11.98,6,12,2,21,27,33,4
83,1,1747,4,3,1.9,10,154,11.08,6,12,2,21,27,33,4
83,1,1747,4,3,1.9,10,154,11.08,6,12,2,21,27,33,4
83,1,1747,4,3,1.9,10,154,11.08,6,12,2,21,27,33,4
83,1,1747,4,3,1.9,10,154,11.08,6,12,2,21,27,33,4
96,1,1747,4,3,1.9,10,164,11.8,6,12,2,21,29,33,4
96,1,1747,4,3,1.9,10,164,11.8,6,12,2,21,29,33,4
96,1,1747,4,3,1.9,10,164,11.8,6,12,2,21,28,33,4
96,1,1747,4,3,1.9,10,164,11.8,6,12,2,21,28,33,4
96,1,1747,4,3,1.9,10,164,11.8,6,12,2,21,28,33,4
106,1,1747,4,3,1.9,10,169,12.16,6,12,2,21,28,33,4
106,1,1747,4,3,1.9,10,169,12.16,6,12,2,21,28,33,4
106,1,1747,4,3,1.9,10,169,12.16,6,12,2,21,28,33,4
106,1,1747,4,3,1.9,10,169,12.16,6,12,2,21,28,33,4
106,1,1747,4,3,1.9,10,169,12.16,6,12,2,21,28,33,4
85,1,1749,4,3,0.984,11,163,11.71,6,12,2,21,27,33,4
85,1,1749,4,3,0.984,11,163,11.71,6,12,2,21,27,33,4
55,2,1753,4,3,0.994,19,140,10.04,6,13,1,21,27,33,2
55,2,1753,4,3,0.994,19,175,12.54,6,13,1,21,27,33,2
66,2,1753,4,3,0.994,22,180,12.9,6,12,1,21,27,33,2
66,2,1753,4,3,0.994,22,177,12.69,6,12,1,21,27,33,2
66,2,1753,4,3,0.994,19,200,14.34,6,13,1,21,27,33,2
66,1,1762,4,3,981,10,147,10.48,6,12,1,21,27,33,2
66,1,1762,4,3,981,10,147,10.48,6,12,1,21,27,33,2
66,1,1762,4,3,981,10,147,10.48,6,12,1,21,27,33,2
66,1,1762,4,3,981,10,147,10.48,6,12,1,21,27,33,2
66,1,1762,4,3,981,10,147,10.48,6,12,1,21,27,33,2
66,1,1762,4,3,981,10,147,10.48,6,12,1,21,27,33,2
66,1,1762,4,3,981,10,147,10.48,6,12,1,21,27,33,2
66,1,1762,4,3,981,10,147,10.48,6,12,1,21,27,33,2
74,1,1762,4,3,981,9,153,10.91,6,12,1,21,27,33,2
74,1,1762,4,3,981,9,153,10.91,6,12,1,21,27,33,2
74,1,1762,4,3,981,9,153,10.91,6,12,1,21,27,33,2
74,1,1762,4,3,981,9,153,10.91,6,12,1,21,27,33,2
74,1,1762,4,3,981,9,153,10.91,6,12,1,21,27,33,2
74,1,1762,4,3,981,9,153,10.91,6,12,1,21,27,33,2
74,1,1762,4,3,981,9,153,10.91,6,12,1,21,27,33,2
81,1,1762,4,3,981,10,155,11.05,6,12,2,21,27,33,4
81,1,1762,4,3,981,10,155,11.05,6,12,2,21,27,33,4
81,1,1762,4,3,981,10,155,11.05,6,12,2,21,27,33,4
81,1,1762,4,3,981,10,155,11.05,6,12,2,21,27,33,4
81,1,1762,4,3,981,10,155,11.05,6,12,2,21,27,33,4
81,1,1762,4,3,981,10,155,11.05,6,12,2,21,27,33,4
81,1,1762,4,3,1.56,10,155,11.05,6,14,2,21,27,33,4
81,1,1762,4,3,1.56,10,155,11.05,6,14,2,21,27,33,4
81,1,1762,4,3,1.56,10,155,11.05,6,14,2,21,27,33,4
81,1,1762,4,3,1.56,10,155,11.05,6,14,2,21,27,33,4
81,1,1762,4,3,981,10,155,11.05,6,12,2,21,27,33,4
81,1,1762,4,3,981,10,155,11.05,6,12,2,21,27,33,4
81,1,1762,4,3,981,10,155,11.05,6,12,2,21,27,33,4
81,1,1762,4,3,981,10,155,11.05,6,12,2,21,27,33,4
81,1,1762,4,3,981,10,155,11.05,6,12,2,21,27,33,4
81,1,1762,4,3,1.56,10,155,11.05,6,14,2,21,27,33,4
81,1,1762,4,3,1.56,10,155,11.05,6,14,2,21,27,33,4
83,1,1769,4,3,1.1,10,158,11.22,6,11,2,21,29,33,4
84,1,1769,4,3,1.1,10,158,11.22,6,11,2,21,29,33,4
55,1,1781,4,3,1.67,9,140,9.88,6,12,1,21,27,33,2
66,1,1781,4,3,1.67,10,145,10.23,6,12,1,21,27,33,2
66,1,1781,4,3,1.67,10,145,10.23,6,12,1,21,27,33,2
92,1,1781,4,3,1.67,10,173,12.21,6,13,2,21,28,33,5
92,1,1781,4,3,1.67,10,173,12.21,6,13,2,21,28,33,5
92,1,1781,4,3,1.67,10,168,11.85,6,13,2,21,27,33,5
92,1,1781,4,3,1.67,10,168,11.85,6,13,2,21,27,33,5
92,1,1781,4,3,1.67,10,170,11.99,6,13,2,21,28,33,5
92,1,1781,4,3,1.67,10,170,11.99,6,13,2,21,28,33,5
92,1,1781,4,3,1.67,10,170,11.99,6,13,2,21,28,33,5
92,1,1781,4,3,1.67,10,170,11.99,6,13,2,21,28,33,5
92,1,1781,4,3,1.67,10,170,11.99,6,13,2,21,28,33,5
92,1,1781,4,3,1.67,10,170,11.99,6,13,2,21,28,33,5
92,1,1781,4,3,1.67,10,168,11.85,6,13,2,21,28,33,5
92,1,1781,4,3,1.67,10,168,11.85,6,13,2,21,28,33,5
92,1,1781,4,3,1.67,10,168,11.85,6,13,2,21,28,33,5
92,1,1781,4,3,1.67,10,168,11.85,6,13,2,21,27,33,5
92,1,1781,4,3,1.67,10,168,11.85,6,13,2,21,27,33,5
92,1,1781,4,3,1.67,10,168,11.85,6,13,2,21,28,33,5
92,1,1781,4,3,1.67,10,168,11.85,6,13,2,21,28,33,5
110,1,1781,4,3,1.67,10,210,14.82,6,13,2,21,27,33,5
110,1,1781,4,3,1.67,10,210,14.82,6,13,2,21,27,33,5
110,1,1781,4,3,1.67,10,210,14.82,6,13,2,21,27,33,5
110,1,1781,4,3,1.67,10,210,14.82,6,13,2,21,27,33,5
110,1,1781,4,3,1.67,10,210,14.82,6,13,2,21,27,33,5
110,1,1781,4,3,1.67,10,210,14.82,6,13,2,21,27,33,5
110,1,1781,4,3,1.67,10,210,14.82,6,13,2,21,27,33,5
110,1,1781,4,3,1.67,10,210,14.82,6,13,2,21,27,33,5
110,1,1781,4,3,1.67,10,210,14.82,6,13,2,21,27,33,5
110,1,1781,4,3,1.67,10,210,14.82,6,13,2,21,27,33,5
110,1,1781,4,3,1.67,10,210,14.82,6,13,2,21,27,33,5
110,1,1781,4,3,1.67,10,210,14.82,6,13,2,21,27,33,5
110,1,1781,4,3,1.67,10,210,14.82,6,13,2,21,27,33,5
110,1,1781,4,3,1.67,10,210,14.82,6,13,2,21,27,33,5
110,1,1781,4,3,1.67,10,210,14.82,6,13,2,21,27,33,5
110,1,1781,4,3,1.67,10,210,14.82,6,13,2,21,27,33,5
110,1,1781,4,3,1.67,10,210,14.82,6,13,2,21,27,33,5
110,1,1781,4,3,1.67,10,210,14.82,6,13,2,21,27,33,5
110,1,1781,4,3,1.67,10,210,14.82,6,13,2,21,27,33,5
110,1,1781,4,3,1.67,10,210,14.82,6,13,2,21,27,33,5
110,1,1781,4,3,1.67,10,210,14.82,6,13,2,21,27,33,5
110,1,1781,4,3,1.67,10,210,14.82,6,13,2,21,27,33,5
110,1,1781,4,3,1.67,10,210,14.82,6,13,2,21,27,33,5
110,1,1781,4,3,1.67,10,210,14.82,6,13,2,21,27,33,5
110,1,1781,4,3,1.67,10,210,14.82,6,13,2,21,27,33,5
132,1,1781,4,3,1.67,10,235,16.58,6,13,2,21,27,33,5
132,1,1781,4,3,1.67,10,235,16.58,6,13,2,21,27,33,5
132,1,1781,4,3,1.67,10,235,16.58,6,13,2,21,27,33,5
132,1,1781,4,3,1.67,10,235,16.58,6,13,2,21,27,33,5
132,1,1781,4,3,1.67,10,235,16.58,6,13,2,21,27,33,5
132,1,1781,4,3,1.67,10,235,16.58,6,13,2,21,27,33,5
132,1,1781,4,3,1.67,10,235,16.58,6,13,2,21,27,33,5
132,1,1781,4,3,1.67,10,235,16.58,6,13,2,21,27,33,5
132,1,1781,4,3,1.67,10,235,16.58,6,13,2,21,27,33,5
132,1,1781,4,3,1.67,10,235,16.58,6,12,2,21,27,33,5
132,1,1781,4,3,1.67,10,235,16.58,6,12,2,21,27,33,5
132,1,1781,4,3,1.67,10,235,16.58,6,13,2,21,27,33,5
132,1,1781,4,3,1.67,10,235,16.58,6,13,2,21,27,33,5
154,1,1781,4,3,1.67,10,270,19.05,6,12,2,21,27,33,5
165,1,1781,4,3,1.67,9,280,19.76,6,12,2,21,27,33,5
165,1,1781,4,3,1.67,9,280,19.76,6,12,2,21,27,33,5
81,1,1793,4,3,1.74,10,152,10.65,6,12,2,21,27,33,4
81,1,1793,4,3,1.74,10,152,10.65,6,12,2,21,27,33,4
82,1,1793,4,3,1.74,10,152,10.65,6,12,2,21,27,33,4
82,1,1793,4,3,1.74,10,152,10.65,6,12,2,21,27,33,4
85,1,1793,4,3,1.74,10,152,10.65,6,12,2,21,27,33,4
85,1,1793,4,3,1.74,10,152,10.65,6,12,2,21,27,33,4
85,1,1793,4,3,1.74,10,152,10.65,6,12,2,21,27,33,4
85,1,1793,4,3,1.74,10,152,10.65,6,12,2,21,27,33,4
105,1,1794,4,3,1158,10,170,11.91,6,11,2,21,29,33,4
86,1,1795,4,3,1.116,11,160,11.2,6,12,2,21,27,33,4
86,1,1795,4,3,1.116,11,160,11.2,6,12,2,21,27,33,4
86,1,1795,4,3,1.116,11,160,11.2,6,12,2,21,27,33,4
86,1,1795,4,3,1.116,11,160,11.2,6,12,2,21,27,33,4
86,1,1795,4,3,1.116,11,160,11.2,6,12,2,21,27,33,4
88,1,1795,4,3,1.116,9999,160,11.2,6,0,2,21,0,0,4
88,1,1795,4,3,1.116,9999,160,11.2,6,0,2,21,0,0,4
88,1,1795,4,3,1.116,11,165,11.55,6,12,2,21,27,33,4
88,1,1795,4,3,1.116,11,165,11.55,6,12,2,21,27,33,4
88,1,1795,4,3,1.116,11,166,11.62,6,12,2,21,27,33,4
88,1,1795,4,3,1.116,11,165,11.55,6,12,2,21,27,33,4
88,1,1795,4,3,1.116,11,165,11.55,6,12,2,21,27,33,4
107,1,1795,4,3,1.116,11,174,12.18,6,12,2,21,31,33,4
107,1,1795,4,3,1.116,11,174,12.18,6,12,2,21,27,33,4
85,1,1796,4,3,1.96,11,170,11.89,6,12,2,21,27,33,4
85,1,1796,4,3,1.96,11,170,11.89,6,12,2,21,27,33,4
85,1,1796,4,3,1.96,11,170,11.89,6,12,2,21,27,33,4
85,1,1796,4,3,1.96,11,170,11.89,6,12,2,21,27,33,4
85,1,1796,4,3,1.96,11,170,11.89,6,12,2,21,27,33,4
85,1,1796,4,3,1.96,11,170,11.89,6,12,2,21,27,33,4
85,1,1796,4,3,1.96,11,170,11.89,6,12,2,21,27,33,4
85,1,1796,4,3,1.92,10,160,11.2,6,12,2,21,27,33,4
85,1,1796,4,3,1.92,10,158,11.06,6,12,2,21,27,33,4
85,1,1796,4,3,1.96,11,170,11.89,6,12,2,21,27,33,4
85,1,1796,4,3,1.96,11,170,11.89,6,12,2,21,27,33,4
85,1,1796,4,3,1.96,11,170,11.89,6,12,2,21,27,33,4
85,1,1796,4,3,1.96,11,170,11.89,6,12,2,21,27,33,4
124,1,1797,4,3,1.77,10,166,11.61,6,12,2,19,32,33,4
124,1,1797,4,3,1.77,10,166,11.61,6,12,2,19,32,33,4
140,1,1797,4,3,1.77,11,178,12.45,6,12,2,19,32,33,4
85,1,1799,4,3,1.54,11,170,11.87,6,12,2,21,27,33,4
85,1,1799,4,3,1.54,11,170,11.87,6,12,2,21,27,33,4
85,1,1799,4,3,1.54,11,170,11.87,6,12,2,21,27,33,4
85,1,1799,4,3,1.54,11,170,11.87,6,12,2,21,27,33,4
85,1,1799,4,3,1.54,11,170,11.87,6,12,2,21,27,33,4
90,1,1799,4,3,0.923,10,170,11.87,6,11,2,21,28,33,4
90,1,1799,4,3,0.923,10,170,11.87,6,11,2,21,28,33,4
88,1,1834,4,3,1.99,12,174,11.92,6,12,2,20,27,33,4
88,1,1834,4,3,1.99,12,174,11.92,6,12,2,20,27,33,4
90,1,1834,4,3,1.99,12,174,11.92,6,12,2,20,27,33,4
90,1,1834,4,3,1.99,12,174,11.92,6,12,2,20,27,33,4
92,1,1834,4,3,1.99,13,174,11.92,6,12,2,20,27,33,4
92,1,1834,4,3,1.99,12,174,11.92,6,12,2,20,27,33,4
92,1,1834,4,3,1.99,12,174,11.92,6,12,2,20,27,33,4
92,1,1834,4,3,1.99,12,174,11.92,6,12,2,20,27,33,4
92,1,1834,4,3,1.99,12,174,11.92,6,12,2,20,27,33,4
92,1,1834,4,3,1.99,12,174,11.92,6,12,2,20,27,33,4
92,1,1834,4,3,1.99,12,174,11.92,6,12,2,20,27,33,4
92,1,1834,4,3,1.99,12,174,11.92,6,12,2,20,27,33,4
92,1,1834,4,3,1.99,12,174,11.92,6,12,2,20,27,33,4
92,1,1834,4,3,1.99,13,174,11.92,6,12,2,20,27,33,4
99,1,1834,4,3,1.99,10,162,11.1,6,12,2,19,27,33,4
99,1,1834,4,3,1.99,11,162,11.1,6,12,2,19,27,33,4
74,1,1840,4,3,1.24,10,152,10.38,6,12,2,21,27,33,4
74,1,1840,4,3,1.24,10,152,10.38,6,12,2,21,27,33,4
74,1,1840,4,3,1.24,10,152,10.38,6,12,2,21,27,33,4
74,1,1840,4,3,1.24,10,153,10.45,6,12,2,21,27,33,4
84,1,1840,4,3,1.24,10,161,11,6,12,2,21,27,33,4
84,1,1840,4,3,1.24,10,161,11,6,12,2,21,27,33,4
84,1,1840,4,3,1.24,10,161,11,6,12,2,21,27,33,4
84,1,1840,4,3,1.24,10,161,11,6,12,2,21,27,33,4
89,1,1840,4,3,988,10,152,10.38,6,15,2,21,27,33,4
89,1,1840,4,3,988,10,152,10.38,6,15,2,21,27,33,4
89,1,1840,4,3,988,10,152,10.38,6,15,2,21,27,33,4
103,1,1840,4,3,1.24,10,162,11.06,6,12,2,21,27,33,4
100,1,1850,4,3,0.959,10,175,11.89,6,12,1,25,32,33,4
100,1,1850,4,3,0.959,10,175,11.89,6,12,1,25,32,33,4
100,1,1850,4,3,0.959,10,175,11.89,6,12,1,25,32,33,4
100,1,1850,4,3,0.959,10,175,11.89,6,12,1,25,32,33,4
147,1,1855,4,3,1111,9,300,20.32,6,12,2,21,27,33,4
147,1,1855,4,3,1111,9,300,20.32,6,12,2,21,27,33,4
147,1,1855,4,3,1111,9,300,20.32,6,12,2,21,27,33,4
147,1,1855,4,3,1111,9,300,20.32,6,12,2,21,27,33,4
40,2,1870,4,3,1163,22,120,8.06,6,12,1,21,27,33,2
47,2,1870,4,3,1163,22,118,7.93,6,12,1,21,27,33,2
47,2,1870,4,3,1163,22,118,7.93,6,12,1,21,27,33,2
47,2,1870,4,3,1163,22,120,8.06,6,12,1,21,27,33,2
66,2,1870,4,3,1163,21,176,11.83,6,12,1,21,27,33,2
66,2,1870,4,3,1163,21,176,11.83,6,12,1,21,27,33,2
66,2,1870,4,3,1163,21,176,11.83,6,12,1,21,27,33,2
66,2,1870,4,3,1163,21,176,11.83,6,12,1,21,27,33,2
72,2,1870,4,3,1163,21,200,13.44,6,12,1,21,27,33,2
72,2,1870,4,3,1163,21,200,13.44,6,12,1,21,27,33,2
72,2,1870,4,3,1163,18,200,13.44,6,12,1,21,27,33,2
72,2,1870,4,3,1163,21,200,13.44,6,12,1,21,27,33,2
72,2,1870,4,3,1163,18,200,13.44,6,12,1,21,27,33,2
72,2,1870,4,3,1163,18,200,13.44,6,12,1,21,27,33,2
72,2,1870,4,3,1163,18,200,13.44,6,12,1,21,27,33,2
72,2,1870,4,3,1163,18,200,13.44,6,12,1,21,27,33,2
72,2,1870,4,3,1163,18,200,13.44,6,12,1,21,27,33,2
77,1,1895,4,3,982,10,165,10.94,6,15,1,20,27,33,2
77,1,1895,4,3,982,10,165,10.94,6,15,1,20,27,33,2
77,1,1895,4,3,982,10,165,10.94,6,15,1,20,27,33,2
77,1,1895,4,3,982,10,165,10.94,6,15,1,20,27,33,2
87,1,1895,4,3,982,10,180,11.94,6,15,1,20,27,33,2
87,1,1895,4,3,982,10,180,11.94,6,15,1,20,27,33,2
87,1,1895,4,3,982,10,180,11.94,6,15,1,20,27,33,2
87,1,1895,4,3,982,10,180,11.94,6,15,1,20,27,33,2
87,1,1895,4,3,982,10,180,11.94,6,9,1,20,27,33,2
87,1,1895,4,3,982,10,180,11.94,6,15,1,20,27,33,2
87,1,1895,4,3,982,10,180,11.94,6,15,1,20,27,33,2
47,2,1896,4,3,1.21,23,124,8.22,6,12,1,21,0,0,2
47,2,1896,4,3,1.21,20,125,8.28,6,12,1,21,0,0,2
50,2,1896,4,3,1.21,20,133,8.82,6,12,1,21,0,0,2
50,2,1896,4,3,1.21,20,133,8.82,6,12,1,21,0,0,2
50,2,1896,4,3,1.21,20,133,8.82,6,12,1,21,0,0,2
50,2,1896,4,3,1.21,20,133,8.82,6,12,1,21,0,0,2
50,2,1896,4,3,1.21,23,140,9.28,6,12,1,21,27,33,2
50,2,1896,4,3,1.21,23,140,9.28,6,12,1,21,27,33,2
66,2,1896,4,3,1.21,20,210,13.92,6,12,1,21,27,33,2
66,2,1896,4,3,1.21,20,210,13.92,6,12,1,21,27,33,2
66,2,1896,4,3,1.21,20,210,13.92,6,12,1,21,27,33,2
66,2,1896,4,3,1.21,20,210,13.92,6,12,1,21,27,33,2
66,2,1896,4,3,1.21,20,210,13.92,6,12,1,21,27,33,2
66,2,1896,4,3,1.21,20,210,13.92,6,12,1,21,0,0,2
66,2,1896,4,3,1.21,20,210,13.92,6,12,1,21,27,33,2
66,2,1896,4,3,1.21,20,210,9999,6,12,1,21,27,33,2
66,2,1896,4,3,1.21,20,210,13.92,6,12,1,21,27,33,2
66,2,1896,4,3,1.21,20,210,13.92,6,12,1,21,27,33,2
66,2,1896,4,3,1.21,20,210,13.92,6,12,1,21,27,33,2
66,2,1896,4,3,1.21,20,210,13.92,6,12,1,21,27,33,2
66,2,1896,4,3,1.21,20,210,13.92,6,12,1,21,27,33,2
66,2,1896,4,3,1.21,20,210,13.92,6,12,1,21,27,33,2
66,2,1896,4,3,1.21,20,210,13.92,6,12,1,21,27,33,2
66,2,1896,4,3,1.21,20,210,13.92,6,12,1,21,27,33,2
66,2,1896,4,3,1.21,20,210,13.92,6,12,1,21,27,33,2
66,2,1896,4,3,1.21,20,210,13.92,6,12,1,21,27,33,2
66,2,1896,4,3,1.21,20,210,13.92,6,12,1,21,27,33,2
66,2,1896,4,3,1.21,20,210,13.92,6,12,1,21,0,0,2
66,2,1896,4,3,1.21,18,240,15.91,6,12,1,21,27,33,2
66,2,1896,4,3,1.21,20,210,13.92,6,12,1,21,27,33,2
66,2,1896,4,3,1.21,20,210,13.92,6,12,1,21,27,33,2
74,2,1896,4,3,1.21,19,240,15.91,6,12,1,21,0,0,2
81,2,1896,4,3,1.21,20,235,15.58,6,12,1,21,27,33,2
81,2,1896,4,3,1.21,20,235,15.58,6,12,1,21,27,33,2
81,2,1896,4,3,1.21,20,235,15.58,6,12,1,21,27,33,2
81,2,1896,4,3,1.21,20,235,15.58,6,12,1,21,27,33,2
81,2,1896,4,3,1.21,20,235,15.58,6,12,1,21,27,33,2
81,2,1896,4,3,1.21,20,235,15.58,6,12,1,21,0,0,2
81,2,1896,4,3,1.21,20,235,15.58,6,12,1,21,27,33,2
81,2,1896,4,3,1.21,20,235,15.58,6,12,1,21,27,33,2
81,2,1896,4,3,1.21,20,235,15.58,6,12,1,21,27,33,2
81,2,1896,4,3,1.21,20,235,15.58,6,12,1,21,0,0,2
81,2,1896,4,3,1.21,20,235,15.58,6,12,1,21,0,0,2
81,2,1896,4,3,1.21,20,235,15.58,6,12,1,21,27,33,2
81,2,1896,4,3,1.21,20,235,15.58,6,12,1,21,27,33,2
81,2,1896,4,3,1.21,20,235,15.58,6,12,1,21,27,33,2
81,2,1896,4,3,1.21,20,235,15.58,6,12,1,21,27,33,2
81,2,1896,4,3,1.21,20,235,15.58,6,12,1,21,27,33,2
81,2,1896,4,3,1.21,20,235,15.58,6,12,1,21,27,33,2
81,2,1896,4,3,1.21,20,235,15.58,6,12,1,21,27,33,2
81,2,1896,4,3,1.21,20,235,15.58,6,12,1,21,27,33,2
81,2,1896,4,3,1.21,20,235,15.58,6,12,1,21,0,0,2
81,2,1896,4,3,1.21,20,235,15.58,6,12,1,21,0,0,2
81,2,1896,4,3,1.21,20,235,15.58,6,12,1,21,0,0,2
81,2,1896,4,3,1.21,20,235,15.58,6,12,1,21,0,0,2
81,2,1896,4,3,1.21,20,235,15.58,6,12,1,21,0,0,2
81,2,1896,4,3,1.21,20,235,15.58,6,12,1,21,27,33,2
81,2,1896,4,3,1.21,20,235,15.58,6,12,1,21,27,33,2
81,2,1896,4,3,1.21,20,235,15.58,6,12,1,21,27,33,2
81,2,1896,4,3,1.21,20,235,15.58,6,12,1,21,27,33,2
81,2,1896,4,3,1.21,20,235,15.58,6,12,1,21,27,33,2
81,2,1896,4,3,1.21,20,235,15.58,6,12,1,21,27,33,2
85,2,1896,4,3,1.21,18,310,20.55,6,12,1,21,27,33,2
85,2,1896,4,3,1.21,18,310,20.55,6,12,1,21,27,33,2
85,2,1896,4,3,1.21,18,310,20.55,6,12,1,21,27,33,2
85,2,1896,4,3,1.21,18,285,18.89,6,12,1,21,27,33,2
85,2,1896,4,3,1.21,18,310,20.55,6,12,1,21,27,33,2
85,2,1896,4,3,1.21,18,310,20.55,6,12,1,21,27,33,2
85,2,1896,4,3,1.21,18,310,20.55,6,12,1,21,27,33,2
85,2,1896,4,3,1.21,18,285,18.89,6,12,1,21,27,33,2
85,2,1896,4,3,1.21,18,285,18.89,6,12,1,21,27,33,2
85,2,1896,4,3,1.21,18,285,18.89,6,12,1,21,27,33,2
92,1,1898,4,3,1.19,11,180,11.92,6,9,1,19,27,33,2
92,1,1898,4,3,1.19,11,180,11.92,6,9,1,19,27,33,2
92,1,1898,4,3,1.19,11,180,11.92,6,9,1,19,27,33,2
46,2,1905,4,3,1.6,22,114,7.52,6,12,1,21,27,33,2
50,2,1905,4,3,1.6,23,120,7.92,6,12,1,21,27,33,2
50,2,1905,4,3,1.6,23,120,7.92,6,12,1,21,27,33,2
50,2,1905,4,3,1.6,23,120,7.92,6,12,1,21,27,33,2
51,2,1905,4,3,1.6,23,120,7.92,6,12,1,21,27,33,2
55,2,1905,4,3,1.6,23,135,8.91,6,12,1,21,27,33,2
55,2,1905,4,3,1.6,23,135,8.91,6,12,1,21,27,33,2
55,2,1905,4,3,1.6,23,135,8.91,6,12,1,21,27,33,2
66,2,1905,4,3,1.6,22,196,12.93,6,12,1,21,27,33,2
66,2,1905,4,3,1.6,22,196,12.93,6,12,1,21,27,33,2
66,2,1905,4,3,1.6,22,196,12.93,6,12,1,21,27,33,2
66,2,1905,4,3,1.6,22,196,12.93,6,12,1,21,27,33,2
66,2,1905,4,3,1.6,22,196,12.93,6,12,1,21,27,33,2
66,2,1905,4,3,1.6,22,196,12.93,6,12,1,21,27,33,2
66,2,1905,4,3,1.6,22,196,12.93,6,12,1,21,27,33,2
66,2,1905,4,3,1.6,22,196,12.93,6,12,1,21,27,33,2
66,2,1905,4,3,1.6,22,196,12.93,6,12,1,21,27,33,2
66,2,1905,4,3,1.6,22,196,12.93,6,12,1,21,27,33,2
66,2,1905,4,3,1.6,22,196,12.93,6,12,1,21,27,33,2
55,2,1910,4,3,1.12,21,147,9.67,6,12,1,21,27,33,2
55,2,1910,4,3,1.12,21,147,9.67,6,12,1,21,27,33,2
59,2,1910,4,3,1.12,18,196,12.9,6,12,1,21,27,33,2
59,2,1910,4,3,1.12,18,196,12.9,6,12,1,21,27,33,2
77,2,1910,4,3,1.12,18,255,16.78,6,12,1,21,27,33,2
77,2,1910,4,3,1.12,18,255,16.78,6,12,1,21,27,33,2
77,2,1910,4,3,1.12,18,255,16.78,6,12,1,21,27,33,2
77,2,1910,4,3,1.12,18,200,13.16,6,12,1,21,27,33,2
77,2,1910,4,3,1.12,18,200,13.16,6,12,1,21,27,33,2
77,2,1910,4,3,1.12,18,200,13.16,6,12,1,21,27,33,2
77,2,1910,4,3,1.12,18,255,16.78,6,12,1,21,27,33,2
77,2,1910,4,3,1.12,18,255,16.78,6,12,1,21,27,33,2
77,2,1910,4,3,1.12,18,200,13.16,6,12,1,21,27,33,2
77,2,1910,4,3,1.12,18,255,16.78,6,12,1,21,27,33,2
77,2,1910,4,3,1.12,18,200,13.16,6,12,1,21,27,33,2
66,2,1929,4,3,1.9,19,186,12.12,6,12,1,21,27,33,2
100,1,1948,4,3,1.84,11,182,11.74,6,12,2,21,27,33,4
100,1,1948,4,3,1.84,11,182,11.74,6,12,2,21,27,33,4
102,1,1948,4,3,1.84,11,182,11.74,6,12,2,21,27,33,4
102,1,1948,4,3,1.84,11,182,11.74,6,12,2,21,27,33,4
103,1,1948,4,3,1.84,11,183,11.81,6,12,2,21,27,33,4
103,1,1948,4,3,1.84,11,183,11.81,6,12,2,21,27,33,4
103,1,1948,4,3,1.84,11,183,11.81,6,12,2,21,27,33,4
103,1,1948,4,3,1.84,11,183,11.81,6,12,2,21,27,33,4
118,1,1948,4,3,1.84,9,230,14.84,6,12,2,21,27,33,4
118,1,1948,4,3,1.84,9,230,14.84,6,12,2,21,27,33,4
118,1,1948,4,3,1.84,9,230,14.84,6,12,2,21,27,33,4
118,1,1948,4,3,1.84,9,230,14.84,6,12,2,21,27,33,4
85,2,1951,4,3,1.48,9999,260,16.75,6,0,2,19,27,33,4
85,2,1951,4,3,1.48,9999,260,16.75,6,0,2,19,27,33,4
100,2,1951,4,3,1.48,19,280,18.03,6,11,2,20,27,33,4
100,2,1951,4,3,1.48,19,280,18.03,6,11,2,20,27,33,4
100,2,1951,4,3,1.48,19,280,18.03,6,11,2,20,27,33,4
100,2,1951,4,3,1.48,19,280,18.03,6,11,2,20,27,33,4
100,2,1951,4,3,1.48,19,280,18.03,6,11,2,20,27,33,4
62,1,1968,4,3,1179,9,159,10.15,6,12,1,21,27,33,2
62,1,1968,4,3,1179,9,159,10.15,6,12,1,21,27,33,2
114,1,1969,4,3,1.96,10,186,11.87,6,12,2,21,28,33,4
114,1,1969,4,3,1.96,10,186,11.87,6,12,2,21,28,33,4
114,1,1969,4,3,1.96,10,187,11.93,6,12,2,21,28,33,4
114,1,1969,4,3,1.96,10,187,11.93,6,12,2,21,28,33,4
114,1,1969,4,3,1.96,10,186,11.87,6,12,2,21,28,33,4
114,1,1969,4,3,1.96,10,186,11.87,6,12,2,21,28,33,4
114,1,1969,4,3,1.96,10,187,11.93,6,12,2,21,28,33,4
114,1,1969,4,3,1.96,10,187,11.93,6,12,2,21,28,33,4
114,1,1969,4,3,1.96,10,187,11.93,6,12,2,21,28,33,4
108,1,1973,4,3,1.6,10,182,11.59,6,12,2,22,27,33,4
108,1,1973,4,3,1.6,10,182,11.59,6,12,2,22,27,33,4
55,2,1974,4,3,1.41,22,132,8.4,6,12,1,21,27,33,2
102,1,1975,4,3,1.14,10,182,11.58,6,13,2,21,27,33,4
102,1,1975,4,3,1.14,10,182,11.58,6,13,2,21,27,33,4
102,1,1975,4,3,1.14,10,182,11.58,6,13,2,21,27,33,4
102,1,1975,4,3,1.14,10,182,11.58,6,13,2,21,27,33,4
102,1,1975,4,3,1.14,10,182,11.58,6,13,2,21,27,33,4
102,1,1975,4,3,1.14,10,182,11.58,6,13,2,21,27,33,4
85,1,1984,4,3,1125,10,170,10.77,6,12,1,21,27,33,2
85,1,1984,4,3,1125,10,170,10.77,6,12,1,21,27,33,2
85,1,1984,4,3,1125,10,166,10.51,6,12,1,21,27,33,2
85,1,1984,4,3,1125,10,166,10.51,6,12,1,21,27,33,2
85,1,1984,4,3,1125,10,170,10.77,6,12,1,21,27,33,2
85,1,1984,4,3,1125,10,170,10.77,6,12,1,21,27,33,2
85,1,1984,4,3,1125,10,170,10.77,6,12,1,21,27,33,2
85,1,1984,4,3,1125,10,170,10.77,6,12,1,21,27,33,2
85,1,1984,4,3,1125,10,170,10.77,6,12,1,21,27,33,2
85,1,1984,4,3,1125,10,170,10.77,6,12,1,21,27,33,2
85,1,1984,4,3,1125,10,170,10.77,6,12,1,21,27,33,2
85,1,1984,4,3,1125,10,170,10.77,6,12,1,21,27,33,2
85,1,1984,4,3,1125,10,170,10.77,6,12,1,21,27,33,2
85,1,1984,4,3,1125,10,170,10.77,6,12,1,21,27,33,2
96,1,1985,4,3,867,10,177,11.21,6,9,2,21,27,33,4
96,1,1985,4,3,867,10,177,11.21,6,9,2,21,27,33,4
96,1,1985,4,3,867,10,177,11.21,6,9,2,21,27,33,4
96,1,1985,4,3,867,10,177,11.21,6,9,2,21,27,33,4
96,1,1985,4,3,867,10,177,11.21,6,9,2,21,27,33,4
96,1,1985,4,3,867,10,177,11.21,6,9,2,21,27,33,4
110,1,1985,4,3,867,9,240,15.19,6,9,2,21,27,33,4
110,1,1985,4,3,867,9,240,15.19,6,9,2,21,27,33,4
110,1,1985,4,3,867,9,240,15.19,6,9,2,21,27,33,4
110,1,1985,4,3,867,9,240,15.19,6,9,2,21,27,33,4
113,1,1985,4,3,867,9,219,13.86,6,9,2,21,27,33,4
113,1,1985,4,3,867,9,219,13.86,6,9,2,21,27,33,4
113,1,1985,4,3,867,9,219,13.86,6,9,2,21,27,33,4
113,1,1985,4,3,867,9,219,13.86,6,9,2,21,27,33,4
113,1,1985,4,3,867,9,219,13.86,6,9,2,21,27,33,4
113,1,1985,4,3,867,9,219,13.86,6,9,2,21,27,33,4
136,1,1985,4,3,867,9,263,16.65,6,9,2,21,27,33,4
136,1,1985,4,3,867,9,230,14.56,6,9,2,21,27,33,4
136,1,1985,4,3,867,9,263,16.65,6,9,2,21,27,33,4
136,1,1985,4,3,867,9,230,14.56,6,9,2,21,27,33,4
136,1,1985,4,3,867,9,263,16.65,6,9,2,21,27,33,4
136,1,1985,4,3,867,9,230,14.56,6,9,2,21,27,33,4
147,1,1985,4,3,867,9,283,17.92,6,9,2,21,27,33,4
147,1,1985,4,3,867,9,283,17.92,6,9,2,21,27,33,4
147,1,1985,4,3,867,9,283,17.92,6,9,2,21,27,33,4
96,1,1988,4,3,1.38,10,178,11.25,6,12,2,21,27,33,4
96,1,1988,4,3,1.38,10,178,11.25,6,12,2,21,27,33,4
96,1,1988,4,3,1.38,10,178,11.25,6,12,2,21,27,33,4
96,1,1988,4,3,1.38,10,178,11.25,6,12,2,21,27,33,4
114,1,1988,6,3,1,10,195,12.33,6,14,2,21,29,33,4
114,1,1988,6,3,1,10,195,12.33,6,14,2,21,29,33,4
114,1,1988,6,3,1,10,195,12.33,6,14,2,21,29,33,4
114,1,1988,6,3,1,10,195,12.33,6,14,2,21,29,33,4
85,1,1991,4,3,1.18,10,170,10.73,6,12,2,21,27,33,4
85,1,1991,4,3,1.18,10,170,10.73,6,12,2,21,27,33,4
85,1,1991,4,3,1.18,10,170,10.73,6,12,2,21,27,33,4
85,1,1991,4,3,1.18,10,170,10.73,6,12,2,21,27,33,4
85,1,1991,4,3,1.18,10,170,10.73,6,12,2,21,27,33,4
85,1,1991,4,3,1.18,10,170,10.73,6,12,2,21,27,33,4
90,1,1991,4,3,1.18,10,175,11.05,6,12,2,21,27,33,4
100,1,1991,4,3,1.18,10,178,11.23,6,12,2,21,27,33,4
100,1,1991,4,3,1.18,10,178,11.23,6,12,2,21,27,33,4
100,1,1991,4,3,1.18,10,178,11.23,6,12,2,21,27,33,4
100,1,1991,4,3,1.18,10,178,11.23,6,12,2,21,27,33,4
100,1,1991,4,3,1.18,10,178,11.23,6,12,2,21,27,33,4
100,1,1991,4,3,1.18,10,178,11.23,6,12,2,21,27,33,4
110,1,1991,6,3,825,11,190,11.99,6,15,2,21,29,35,4
110,1,1991,6,3,825,11,190,11.99,6,15,2,21,29,35,4
110,1,1991,6,3,825,11,190,11.99,6,15,2,21,29,35,4
110,1,1991,6,3,825,11,190,11.99,6,15,2,21,29,35,4
110,1,1991,6,3,825,11,190,11.99,6,9,2,21,29,35,4
110,1,1991,6,3,825,11,190,11.99,6,9,2,21,29,35,4
110,1,1991,6,3,825,11,190,11.99,6,9,2,21,28,34,4
110,1,1991,6,3,825,11,190,11.99,6,9,2,21,28,34,4
110,1,1991,6,4,9999,9999,185,11.68,6,12,4,21,27,33,4
110,1,1991,6,4,9999,9999,185,11.68,6,12,4,21,27,33,4
110,1,1991,6,3,825,11,190,11.99,6,15,2,21,29,35,4
110,1,1991,6,3,825,11,190,11.99,6,15,2,21,29,35,4
110,1,1991,6,3,825,11,190,11.99,6,9,2,21,28,34,4
110,1,1991,6,3,825,11,190,11.99,6,9,2,21,28,34,4
72,2,1994,4,3,1.52,20,210,13.23,6,12,1,21,0,0,2
74,2,1994,4,3,1.52,20,240,15.13,6,12,1,21,27,33,2
74,2,1994,4,3,1.52,20,240,15.13,6,12,1,21,27,33,2
74,2,1994,4,3,1.52,20,240,15.13,6,12,1,21,27,33,2
92,1,1994,4,5,815,10,184,11.6,6,12,2,25,27,33,4
92,1,1994,4,5,815,10,184,11.6,6,12,2,25,27,33,4
92,1,1994,4,5,815,10,184,11.6,6,12,2,25,27,33,4
92,1,1994,4,5,815,10,184,11.6,6,12,2,25,27,33,4
92,1,1994,4,5,815,10,184,11.6,6,12,2,25,27,33,4
92,1,1994,4,5,815,10,184,11.6,6,12,2,25,27,33,4
92,1,1994,4,5,815,10,184,11.6,6,12,2,25,27,33,4
92,1,1994,4,5,815,10,184,11.6,6,12,2,25,27,33,4
92,1,1994,4,5,815,10,184,11.6,6,12,2,25,27,33,4
92,1,1994,4,5,815,10,184,11.6,6,12,2,25,27,33,4
92,1,1994,4,5,815,10,184,11.6,6,12,2,25,27,33,4
92,1,1994,4,5,815,10,184,11.6,6,12,2,25,27,33,4
125,1,1994,4,5,815,9,240,15.13,6,12,2,25,27,33,4
125,1,1994,4,5,815,9,240,15.13,6,12,2,25,27,33,4
160,1,1994,4,5,815,8,290,18.28,6,12,4,21,27,33,4
160,1,1994,4,5,815,8,290,18.28,6,12,4,21,27,33,4
60,2,1995,4,3,1.71,19,185,11.65,6,9,1,24,27,33,4
60,2,1995,4,3,1.71,19,185,11.65,6,9,1,24,27,33,4
60,2,1995,4,3,1.71,19,185,11.65,6,9,1,24,27,33,4
60,2,1995,4,3,1.71,19,185,11.65,6,9,1,24,27,33,4
60,2,1995,4,3,1.71,19,185,11.65,6,9,1,24,27,33,4
60,2,1995,4,3,1.71,19,185,11.65,6,15,1,21,27,33,4
60,2,1995,4,3,1.71,19,185,11.65,6,15,1,21,27,33,4
60,2,1995,4,3,1.71,19,185,11.65,6,9,1,24,27,33,4
60,2,1995,4,3,1.71,19,185,11.65,6,9,1,24,27,33,4
74,2,1995,4,3,1.71,19,205,12.91,6,12,1,22,27,33,4
74,2,1995,4,3,1.71,19,230,14.49,6,15,1,21,27,33,4
74,2,1995,4,3,1.71,19,230,14.49,6,15,1,21,27,33,4
74,2,1995,4,3,1.71,19,230,14.49,6,15,1,21,27,33,4
74,2,1995,4,3,1.71,19,205,12.91,6,15,1,21,27,33,4
74,2,1995,4,3,1.71,19,205,12.91,6,15,1,21,27,33,4
74,2,1995,4,3,1.71,19,205,12.91,6,12,1,22,27,33,4
74,2,1995,4,3,1.71,19,230,14.49,6,15,1,21,27,33,4
81,2,1995,4,3,1.144,19,250,15.75,6,12,2,21,27,33,4
81,2,1995,4,3,1.144,19,250,15.75,6,12,2,21,27,33,4
81,2,1995,4,3,1.144,19,250,15.75,6,12,2,21,27,33,4
94,1,1995,4,3,1.71,9,174,10.96,6,15,2,21,27,33,4
94,1,1995,4,3,1.71,9,174,10.96,6,15,2,21,27,33,4
94,1,1995,4,3,1.71,9,174,10.96,6,15,2,21,27,33,4
94,1,1995,4,3,1.71,9,174,10.96,6,15,2,21,27,33,4
103,1,1995,6,4,965,10,179,11.28,6,11,4,21,27,33,4
103,1,1995,6,4,965,10,179,11.28,6,11,4,21,27,33,4
105,1,1995,6,4,892,10,176,11.09,6,14,4,21,27,33,4
98,1,1996,4,3,0.949,10,179,11.27,6,12,1,19,27,33,4
66,2,1997,4,3,1.35,18,205,12.9,6,12,1,20,27,33,2
66,2,1997,4,3,1.35,18,205,12.9,6,12,1,20,27,33,2
66,2,1997,4,3,1.35,18,205,12.9,6,12,1,20,27,33,2
80,2,1997,4,3,1.35,18,250,15.73,8,12,1,20,27,33,2
80,2,1997,4,3,1.35,18,250,15.73,8,12,1,20,27,33,2
80,2,1997,4,3,1.35,18,250,15.73,8,12,1,20,27,33,2
80,2,1997,4,3,1.35,18,250,15.73,8,12,1,20,27,33,2
80,2,1997,4,3,1.35,18,250,15.73,8,12,1,20,27,33,2
80,2,1997,4,3,1.35,18,250,15.73,6,12,1,21,27,33,2
80,2,1997,4,3,1.35,18,250,15.73,6,12,1,21,27,33,2
80,2,1997,4,3,1.35,18,250,15.73,6,12,1,21,27,33,2
80,2,1997,4,3,1.35,18,250,15.73,6,12,1,21,27,33,2
83,1,1997,4,3,1.35,10,165,10.38,6,12,1,25,27,33,4
98,1,1997,4,3,1.35,10,179,11.26,6,12,1,25,27,33,4
98,1,1997,4,3,1.35,10,179,11.26,6,12,1,25,27,33,4
99,1,1997,4,3,1.35,11,190,11.96,6,12,2,21,27,33,4
99,1,1997,4,3,1.35,11,190,11.96,6,12,2,21,27,33,4
99,1,1997,4,3,1.35,11,190,11.96,6,12,2,21,27,33,4
100,1,1997,4,3,1.35,10,178,11.2,6,12,1,19,27,33,4
100,1,1997,4,3,1.35,10,178,11.2,6,12,1,19,27,33,4
100,1,1997,4,3,1.35,10,180,11.33,6,12,2,20,27,33,4
100,1,1997,4,3,1.35,10,180,11.33,6,12,2,20,27,33,4
100,1,1997,4,3,1.35,10,178,11.2,6,12,1,19,27,33,4
100,1,1997,4,3,1.35,10,178,11.2,6,12,1,19,27,33,4
100,1,1997,4,3,1.35,10,183,11.52,6,12,2,20,27,33,4
100,1,1997,4,3,1.35,10,183,11.52,6,12,2,20,27,33,4
100,1,1997,4,3,1.35,10,178,11.2,6,12,1,19,27,33,4
100,1,1997,4,3,1.35,10,178,11.2,6,12,1,19,27,33,4
102,1,1997,4,3,1.35,9,178,11.2,6,12,2,22,27,33,4
102,1,1997,4,3,1.35,9,178,11.2,6,12,2,22,27,33,4
102,1,1997,4,3,1.35,9,178,11.2,6,12,2,22,27,33,4
102,1,1997,4,3,1.35,9,180,11.33,6,12,2,25,27,33,4
102,1,1997,4,3,1.35,9,180,11.33,6,12,2,25,27,33,4
104,1,1997,4,3,1.35,10,179,11.26,6,12,2,22,27,33,4
108,1,1997,4,3,1.35,10,184,11.58,6,12,1,25,32,33,4
108,1,1997,4,3,1.35,10,184,11.58,6,12,1,25,32,33,4
108,1,1997,4,3,1.35,10,184,11.58,6,12,1,25,32,33,4
108,1,1997,4,3,1.35,10,184,11.58,6,12,1,25,32,33,4
110,1,1997,6,4,828,11,185,11.64,6,12,4,21,27,33,4
110,1,1997,6,4,828,11,185,11.64,6,12,4,21,27,33,4
148,1,1997,6,4,828,8,271,17.05,6,12,2,26,27,33,2
177,1,1997,4,3,966,11,208,13.09,6,17,2,19,32,37,4
61,2,1998,4,3,1,21,195,12.26,6,12,1,21,27,33,2
61,2,1998,4,3,1,21,195,12.26,6,12,1,21,27,33,2
64,2,1998,4,3,1,21,216,13.59,6,12,1,21,27,33,2
64,2,1998,4,3,1,21,216,13.59,6,12,1,21,27,33,2
66,2,1998,4,3,1,19,220,13.84,6,12,1,25,27,33,4
66,2,1998,4,3,1,19,220,13.84,6,12,1,25,27,33,4
66,2,1998,4,3,1,19,220,13.84,6,12,1,25,27,33,4
74,2,1998,4,3,1,19,220,13.84,6,12,1,25,27,33,4
74,2,1998,4,3,1,19,220,13.84,6,12,1,25,27,33,4
74,2,1998,4,3,1,19,220,13.84,6,12,1,25,27,33,4
84,1,1998,4,3,1125,10,168,10.57,6,12,1,21,27,33,2
84,1,1998,4,3,1125,10,168,10.57,6,12,1,21,27,33,2
84,1,1998,4,3,1125,10,168,10.57,6,12,1,21,27,33,2
84,1,1998,4,3,1125,10,168,10.57,6,12,1,21,27,33,2
84,1,1998,4,3,1125,10,168,10.57,6,12,1,21,27,33,2
84,1,1998,4,3,1125,10,168,10.57,6,12,1,21,27,33,2
84,1,1998,4,3,1125,10,168,10.57,6,12,1,21,27,33,2
84,1,1998,4,3,1125,10,168,10.57,6,12,1,21,27,33,2
84,1,1998,4,3,1125,10,168,10.57,6,12,1,21,27,33,2
84,1,1998,4,3,1125,10,168,10.57,6,12,1,21,27,33,2
84,1,1998,4,3,1125,10,168,10.57,6,12,1,21,27,33,2
84,1,1998,4,3,1125,10,168,10.57,6,12,1,21,27,33,2
84,1,1998,4,3,1125,10,168,10.57,6,12,1,21,27,33,2
85,1,1998,4,3,1,10,170,10.69,6,9,2,21,27,33,2
89,1,1998,4,3,1,10,170,10.69,6,12,1,21,27,33,2
89,1,1998,4,3,1,10,170,10.69,6,12,1,21,27,33,2
89,1,1998,4,3,1,10,170,10.69,6,12,1,21,27,33,2
93,1,1998,4,3,1,10,169,10.63,6,9,2,22,27,33,4
94,1,1998,4,3,1,10,178,11.2,6,12,2,21,27,33,4
94,1,1998,4,3,1,10,178,11.2,6,12,2,21,27,33,4
94,1,1998,4,3,1,10,178,11.2,6,12,2,21,27,33,4
94,1,1998,4,3,1,10,178,11.2,6,12,2,21,27,33,4
94,1,1998,4,3,1,10,178,11.2,6,12,2,21,27,33,4
94,1,1998,4,3,1,10,178,11.2,6,12,2,21,27,33,4
94,1,1998,4,3,1,10,178,11.2,6,12,2,21,27,33,4
94,1,1998,4,3,1,10,178,11.2,6,12,2,21,27,33,4
94,1,1998,4,3,1,10,178,11.2,6,12,2,21,27,33,4
94,1,1998,4,3,1,10,178,11.2,6,14,2,21,27,33,4
94,1,1998,4,3,1,10,178,11.2,6,14,2,21,27,33,4
94,1,1998,4,3,1,10,178,11.2,6,14,2,21,27,33,4
94,1,1998,4,3,1,10,178,11.2,6,14,2,21,27,33,4
94,1,1998,4,3,1,9,175,11.01,6,12,2,21,27,33,4
94,1,1998,4,3,1,9,175,11.01,6,12,2,21,27,33,4
94,1,1998,4,3,1,9,175,11.01,6,12,2,21,27,33,4
94,1,1998,4,3,1,9,175,11.01,6,12,2,21,27,33,4
94,1,1998,4,3,1,9,175,11.01,6,12,2,21,27,33,4
94,1,1998,4,3,1,9,175,11.01,6,12,2,21,27,33,4
94,1,1998,4,3,875,10,179,11.26,6,11,2,21,28,33,4
95,1,1998,4,3,875,11,190,11.95,6,11,2,21,28,33,4
95,1,1998,4,3,875,11,190,11.95,6,11,2,21,28,33,4
97,1,1998,4,3,1,10,180,11.32,6,12,2,21,27,33,4
97,1,1998,4,3,1,10,180,11.32,6,12,2,21,27,33,4
97,1,1998,4,3,1,10,180,11.32,6,12,2,21,27,33,4
97,1,1998,4,3,1,10,180,11.32,6,12,2,21,27,33,4
97,1,1998,4,3,1,11,180,11.32,6,12,2,21,27,33,4
97,1,1998,4,3,1,10,180,11.32,6,12,2,21,27,33,4
97,1,1998,4,3,1,10,180,11.32,6,12,2,21,27,33,4
97,1,1998,4,3,1,10,180,11.32,6,12,2,21,27,33,4
97,1,1998,4,3,1,10,180,11.32,6,12,2,21,27,33,4
97,1,1998,4,3,1,10,180,11.32,6,12,2,21,27,33,4
97,1,1998,4,3,1,10,180,11.32,6,12,2,21,27,33,4
97,1,1998,4,3,1,11,180,11.32,6,12,2,21,27,33,4
97,1,1998,4,3,1,11,180,11.32,6,12,2,21,27,33,4
97,1,1998,4,3,1,11,180,11.32,6,12,2,21,27,33,4
98,1,1998,4,3,1,10,185,11.64,6,12,2,21,27,33,4
98,1,1998,4,3,1,10,185,11.64,6,12,2,21,27,33,4
98,1,1998,4,3,1,10,185,11.64,6,12,2,21,27,33,4
98,1,1998,4,3,1,10,185,11.64,6,12,2,21,27,33,4
98,1,1998,4,3,1,10,184,11.57,6,12,2,21,27,33,4
98,1,1998,4,3,1,10,184,11.57,6,12,2,21,27,33,4
98,1,1998,4,3,1,10,171,10.76,6,12,2,21,27,33,4
98,1,1998,4,3,1,10,171,10.76,6,12,2,21,27,33,4
98,1,1998,4,3,1,10,184,11.57,6,12,2,21,27,33,4
98,1,1998,4,3,1,10,184,11.57,6,12,2,21,27,33,4
98,1,1998,4,3,1,10,171,10.76,6,12,2,21,27,33,4
98,1,1998,4,3,1,10,171,10.76,6,12,2,21,27,33,4
100,1,1998,4,3,875,10,190,11.95,6,11,2,21,28,33,4
100,1,1998,4,3,875,10,190,11.95,6,11,2,21,28,33,4
100,1,1998,4,3,875,10,190,11.95,6,11,2,21,28,33,4
100,1,1998,4,3,875,10,190,11.95,6,11,2,21,28,33,4
100,1,1998,4,3,875,10,190,11.95,6,11,2,21,28,33,4
100,1,1998,4,3,875,10,190,11.95,6,11,2,21,28,33,4
100,1,1998,4,3,1,11,188,11.82,6,12,2,21,27,33,4
100,1,1998,4,3,1,11,188,11.82,6,12,2,21,27,33,4
100,1,1998,4,3,1,11,188,11.82,6,12,2,21,27,33,4
100,1,1998,4,3,1,11,188,11.82,6,12,2,21,27,33,4
100,1,1998,4,3,1,11,188,11.82,6,12,2,21,27,33,4
100,1,1998,4,3,1,11,188,11.82,6,12,2,21,27,33,4
100,1,1998,4,3,1,11,188,11.82,6,12,2,21,27,33,4
100,1,1998,4,3,1,11,188,11.82,6,12,2,21,27,33,4
100,1,1998,4,3,1,11,188,11.82,6,12,2,21,27,33,4
100,1,1998,4,3,1,11,188,11.82,6,12,2,21,27,33,4
100,1,1998,4,3,875,10,190,11.95,6,11,2,21,28,33,4
100,1,1998,4,3,875,10,190,11.95,6,11,2,21,28,33,4
100,1,1998,4,3,875,10,190,11.95,6,11,2,21,28,33,4
100,1,1998,4,3,875,10,190,11.95,6,11,2,21,28,33,4
100,1,1998,4,3,1,11,188,11.82,6,12,2,21,27,33,4
100,1,1998,4,3,1,11,188,11.82,6,12,2,21,27,33,4
102,1,1998,4,3,1125,10,188,11.82,6,12,2,19,28,33,4
102,1,1998,4,3,1125,10,188,11.82,6,12,2,19,28,33,4
103,1,1998,4,3,1,10,181,11.38,6,9,2,20,27,33,4
103,1,1998,4,3,1,10,181,11.38,6,9,2,20,27,33,4
103,1,1998,4,3,1,10,181,11.38,6,9,2,20,27,33,4
103,1,1998,4,3,1125,10,188,11.82,6,12,2,19,28,33,4
103,1,1998,4,3,1125,10,188,11.82,6,12,2,19,28,33,4
108,1,1998,4,3,1,8,235,14.78,6,12,1,21,27,33,2
108,1,1998,4,3,1,8,235,14.78,6,12,1,21,27,33,2
108,1,1998,4,3,1125,10,185,11.64,6,12,2,21,27,33,4
108,1,1998,4,3,1125,10,185,11.64,6,12,2,21,27,33,4
108,1,1998,4,3,1125,10,185,11.64,6,12,2,21,27,33,4
108,1,1998,4,3,1125,10,185,11.64,6,12,2,21,27,33,4
108,1,1998,4,3,1,8,235,14.78,6,12,1,21,27,33,2
108,1,1998,4,3,1,8,235,14.78,6,12,1,21,27,33,2
108,1,1998,4,3,1,8,235,14.78,6,12,1,21,27,33,2
108,1,1998,4,3,1,8,235,14.78,6,12,1,21,27,33,2
108,1,1998,4,3,1,8,235,14.78,6,12,1,21,27,33,2
108,1,1998,4,3,1,8,235,14.78,6,12,1,21,27,33,2
113,1,1998,5,3,0.923,10,186,11.7,6,12,2,21,28,33,4
113,1,1998,5,3,0.923,11,186,11.7,6,12,2,21,28,33,4
113,1,1998,5,3,0.923,11,186,11.7,6,12,2,21,28,33,4
113,1,1998,5,3,0.923,11,186,11.7,6,12,2,21,28,33,4
113,1,1998,5,3,0.923,11,186,11.7,6,12,2,21,28,33,4
113,1,1998,5,3,0.923,11,186,11.7,6,12,2,21,28,33,4
113,1,1998,5,3,0.923,11,186,11.7,6,12,2,21,28,33,4
113,1,1998,5,3,0.923,11,186,11.7,6,12,2,21,28,33,4
114,1,1998,5,3,0.923,10,186,11.7,6,12,2,21,28,33,4
114,1,1998,5,3,0.923,10,186,11.7,6,12,2,21,28,33,4
114,1,1998,5,3,0.923,10,186,11.7,6,12,2,21,28,33,4
114,1,1998,5,3,0.923,10,186,11.7,6,12,2,21,28,33,4
120,1,1998,4,3,875,10,230,14.47,6,11,2,21,28,33,4
120,1,1998,4,3,875,10,230,14.47,6,11,2,21,28,33,4
120,1,1998,4,3,875,10,230,14.47,6,11,2,21,28,33,4
120,1,1998,4,3,875,10,230,14.47,6,11,2,21,28,33,4
120,1,1998,4,3,1,11,193,12.14,6,12,2,21,27,33,4
120,1,1998,4,3,1,10,193,12.14,6,12,2,21,27,33,4
147,1,1998,4,3,1,9,265,16.67,6,9,2,22,28,33,4
147,1,1998,4,3,1,9,265,16.67,6,9,2,22,28,33,4
162,1,1998,5,3,0.923,9,310,19.5,6,12,2,21,28,33,4
162,1,1998,5,3,0.923,9,310,19.5,6,12,2,21,28,33,4
162,1,1998,5,3,0.923,9,309,19.43,6,12,2,21,28,33,4
162,1,1998,5,3,0.923,9,309,19.43,6,12,2,21,28,33,4
162,1,1998,5,3,0.923,9,309,19.43,6,12,2,21,28,33,4
80,2,2088,4,3,1.82,22,250,15.05,6,12,1,22,27,33,3
80,2,2088,4,3,1.82,22,250,15.05,6,12,1,22,27,33,3
80,2,2088,4,3,1.82,22,250,15.05,6,12,1,22,27,33,3
80,2,2088,4,3,1.82,22,250,15.05,6,12,1,22,27,33,3
80,2,2088,4,3,1.82,22,250,15.05,8,12,1,22,27,33,3
80,2,2088,4,3,1.82,22,250,15.05,8,12,1,22,27,33,3
80,2,2088,4,3,1.82,22,250,15.05,8,12,1,22,27,33,3
80,2,2088,4,3,1.82,22,250,15.05,8,12,1,22,27,33,3
85,2,2148,4,3,1.3,18,250,14.63,6,10,2,21,27,33,4
85,2,2148,4,3,1.3,18,250,14.63,6,10,2,21,27,33,4
105,2,2148,4,3,1.3,18,315,18.43,6,10,2,21,27,33,4
105,2,2148,4,3,1.3,18,315,18.43,6,10,2,21,27,33,4
75,2,2151,4,3,1.5,19,235,13.73,6,10,2,21,27,33,4
75,2,2151,4,3,1.5,19,235,13.73,6,10,2,21,27,33,4
75,2,2151,4,3,1.5,19,250,14.61,6,10,2,21,27,33,4
75,2,2151,4,3,1.5,19,250,14.61,6,10,2,21,27,33,4
85,2,2151,4,3,1.5,18,250,14.61,6,10,2,21,27,33,4
85,2,2151,4,3,1.5,18,250,14.61,6,10,2,21,27,33,4
90,2,2151,4,3,1.5,19,300,17.53,6,10,2,21,27,33,4
90,2,2151,4,3,1.5,19,300,17.53,6,10,2,21,27,33,4
92,2,2151,4,3,1.5,19,300,17.53,6,10,2,21,27,33,4
92,2,2151,4,3,1.5,19,300,17.53,6,10,2,21,27,33,4
105,2,2151,4,3,1.5,18,315,18.4,6,10,2,21,27,33,4
105,2,2151,4,3,1.5,18,315,18.4,6,10,2,21,27,33,4
105,2,2151,4,3,1.5,18,315,18.4,6,10,2,21,27,33,4
105,2,2151,4,3,1.5,18,315,18.4,6,10,2,21,27,33,4
136,1,2157,4,3,1.43,10,206,12,6,12,2,22,32,37,4
136,1,2157,4,3,1.43,10,206,12,6,12,2,22,32,37,4
156,1,2157,4,3,1.43,11,215,12.53,6,12,2,19,32,37,4
85,2,2172,4,3,1167,20,260,15.04,6,9,1,21,27,33,4
85,2,2172,4,3,1167,20,260,15.04,6,9,1,24,27,33,4
85,2,2172,4,3,1167,19,260,15.04,6,9,1,21,27,33,4
85,2,2172,4,3,1167,19,260,15.04,6,9,1,21,27,33,4
85,2,2172,4,3,1167,19,260,15.04,6,9,1,21,27,33,4
85,2,2172,4,3,1167,19,260,15.04,6,9,1,21,27,33,4
197,1,2174,4,3,0.8,8,354,20.46,6,12,2,21,0,0,4
224,1,2174,4,3,0.8,8,377,21.79,6,12,2,21,0,0,4
225,1,2174,4,3,0.8,8,389,22.49,6,12,2,21,0,0,4
66,2,2184,4,3,1.93,23,205,11.8,6,12,1,21,27,33,2
66,2,2184,4,3,1.93,23,205,11.8,6,12,1,21,27,33,2
81,2,2184,4,3,1.93,18,230,13.23,6,9,2,21,27,33,4
83,2,2188,4,3,1.58,22,234,13.44,6,12,1,25,27,33,3
83,2,2188,4,3,1.58,22,250,14.36,6,12,1,25,27,33,3
83,2,2188,4,3,1.58,22,250,14.36,6,12,1,25,27,33,3
83,2,2188,4,3,1.58,22,250,14.36,6,12,1,25,27,33,3
83,2,2188,4,3,1.58,22,250,14.36,6,12,1,25,27,33,3
100,1,2198,4,3,1.1,10,202,11.55,6,12,2,21,27,33,4
100,1,2198,4,3,1.1,10,202,11.55,6,12,2,21,27,33,4
106,1,2198,4,3,1.1,11,205,11.72,6,12,2,21,27,33,4
106,1,2198,4,3,1.1,11,205,11.72,6,12,2,21,27,33,4
106,1,2198,4,3,1.1,11,205,11.72,6,12,2,21,27,33,4
106,1,2198,4,3,1.1,11,205,11.72,6,12,2,21,27,33,4
110,1,2254,4,3,1128,9,200,11.15,6,12,1,19,32,37,4
110,1,2254,4,3,1128,9,200,11.15,6,12,1,19,32,37,4
125,1,2290,4,3,1,9,280,15.37,6,9,2,21,27,33,4
125,1,2290,4,3,1,9,280,15.37,6,9,2,21,27,33,4
125,1,2290,4,3,1,9,280,15.37,6,9,2,21,27,33,4
125,1,2290,4,3,1,9,280,15.37,6,9,2,21,27,33,4
165,1,2290,4,3,1,9,342,18.77,6,9,2,21,27,33,4
165,1,2290,4,3,1,9,342,18.77,6,9,2,21,27,33,4
103,1,2295,4,3,973,10,204,11.17,6,11,2,21,28,33,4
103,1,2295,4,3,973,10,204,11.17,6,11,2,21,28,33,4
105,1,2295,4,3,973,10,215,11.77,6,11,2,21,28,33,4
105,1,2295,4,3,973,10,215,11.77,6,11,2,21,28,33,4
105,1,2295,4,3,973,10,209,11.44,6,11,2,21,28,33,4
105,1,2295,4,3,973,10,209,11.44,6,11,2,21,28,33,4
105,1,2295,4,3,973,10,209,11.44,6,11,2,21,28,33,4
105,1,2295,4,3,973,10,209,11.44,6,11,2,21,28,33,4
107,1,2295,4,3,1.16,10,203,11.12,6,9,2,21,27,33,4
107,1,2295,4,3,1.16,10,203,11.12,6,9,2,21,27,33,4
142,1,2295,4,3,973,9,280,15.33,6,11,2,21,28,33,4
142,1,2295,4,3,973,9,280,15.33,6,11,2,21,28,33,4
142,1,2295,4,3,973,9,280,15.33,6,11,2,21,28,33,4
142,1,2295,4,3,973,9,280,15.33,6,11,2,21,28,33,4
142,1,2295,4,3,973,9,280,15.33,6,11,2,21,28,33,4
142,1,2295,4,3,973,9,280,15.33,6,11,2,21,28,33,4
145,1,2295,4,3,973,9,280,15.33,6,11,2,21,28,33,4
145,1,2295,4,3,973,9,280,15.33,6,11,2,21,28,33,4
74,2,2299,4,3,1.38,22,213,11.64,6,11,1,21,27,33,2
176,1,2319,5,3,1111,9,330,17.88,6,12,2,21,27,33,4
176,1,2319,5,3,1111,9,330,17.88,6,12,2,21,27,33,4
176,1,2319,5,3,1111,9,330,17.88,6,12,2,21,27,33,4
176,1,2319,5,3,1111,9,330,17.88,6,12,2,21,27,33,4
176,1,2319,5,3,1111,9,330,17.88,6,12,2,21,0,0,4
176,1,2319,5,3,1111,9,330,17.88,6,12,2,21,0,0,4
184,1,2319,5,3,1111,9,330,17.88,6,12,2,21,0,0,4
110,1,2324,5,4,1114,10,205,11.08,6,9,2,21,27,33,2
110,1,2324,5,4,1114,10,205,11.08,6,9,2,21,27,33,2
110,1,2324,5,4,1114,10,205,11.08,6,9,2,21,27,33,2
110,1,2324,5,4,1114,10,205,11.08,6,9,2,21,27,33,2
110,1,2324,5,4,1114,10,205,11.08,6,9,2,21,27,33,2
110,1,2324,5,4,1114,10,205,11.08,6,9,2,21,27,33,2
110,1,2324,5,4,1114,10,205,11.08,6,9,2,21,27,33,2
110,1,2324,5,4,1114,10,205,11.08,6,9,2,21,27,33,2
110,1,2324,5,4,1114,10,205,11.08,6,9,2,21,27,33,2
110,1,2324,5,4,1114,10,205,11.08,6,9,2,21,27,33,2
110,1,2324,5,4,1114,10,205,11.08,6,9,2,21,27,33,2
82,1,2351,4,3,1156,9,180,9.62,6,12,1,0,27,33,2
82,1,2351,4,3,1156,9,180,9.62,6,12,1,0,27,33,2
82,1,2351,4,3,1156,9,180,9.62,6,12,1,0,27,33,2
82,1,2351,4,3,1156,9,180,9.62,6,12,1,0,27,33,2
110,1,2351,4,3,1156,12,225,12.03,6,12,2,20,27,33,4
110,1,2351,4,3,1156,12,225,12.03,6,12,2,20,27,33,4
110,1,2351,4,3,1156,12,225,12.03,6,12,2,20,27,33,4
110,1,2351,4,3,1156,12,225,12.03,6,12,2,20,27,33,4
110,1,2351,4,3,1156,12,225,12.03,6,12,2,20,27,33,4
110,1,2351,4,3,1156,12,225,12.03,6,12,2,20,27,33,4
110,1,2351,4,3,1156,12,225,12.03,6,12,2,20,27,33,4
110,1,2351,4,3,1156,12,225,12.03,6,12,2,20,27,33,4
110,1,2351,4,3,1156,12,225,12.03,6,12,2,20,27,33,4
115,1,2362,4,3,1.85,10,225,11.97,6,14,2,21,29,33,4
115,1,2362,4,3,1.85,10,225,11.97,6,14,2,21,29,33,4
115,1,2362,4,3,1.85,10,225,11.97,6,14,2,21,29,33,4
115,1,2362,4,3,1.85,10,225,11.97,6,14,2,21,29,33,4
115,1,2362,4,3,1.85,10,225,11.97,6,14,2,21,29,33,4
115,1,2362,4,3,1.85,10,225,11.97,6,14,2,21,29,33,4
55,2,2370,5,3,1.21,23,160,8.48,6,12,1,21,27,33,2
55,2,2370,5,3,1.21,23,160,8.48,6,12,1,21,27,33,2
99,2,2387,5,3,1.12,18,304,16,6,12,1,21,27,33,2
99,2,2387,5,3,1.12,18,304,16,6,12,1,21,27,33,2
100,2,2387,5,3,1.12,18,304,16,6,12,1,21,27,33,2
100,2,2387,5,3,1.12,18,304,16,6,12,1,21,27,33,2
100,2,2387,5,3,1.12,18,304,16,6,12,1,21,27,33,2
100,2,2387,5,3,1.12,18,304,16,6,12,1,21,27,33,2
100,2,2387,5,3,1.12,18,304,16,6,12,1,21,27,33,2
100,2,2387,5,3,1.12,18,304,16,6,12,1,21,27,33,2
100,2,2387,5,3,1.12,18,304,16,6,12,1,21,27,33,2
85,1,2389,4,3,1.79,9,191,10.05,6,15,1,25,27,33,3
87,1,2389,4,3,1.79,9,191,10.05,6,15,1,25,27,33,3
104,1,2392,4,3,1.44,10,199,10.45,6,15,2,21,27,33,4
121,1,2393,6,4,956,11,230,12.08,6,13,4,21,28,33,5
121,1,2393,6,4,956,11,230,12.08,6,13,4,21,28,33,5
121,1,2393,6,4,956,11,230,12.08,6,13,4,21,28,33,5
121,1,2393,6,4,956,11,230,12.08,6,13,4,21,28,33,5
121,1,2393,6,4,956,11,230,12.08,6,13,4,21,28,33,5
121,1,2393,6,4,956,11,230,12.08,6,13,4,21,28,33,5
121,1,2393,6,4,956,11,230,12.08,6,13,4,21,28,33,5
121,1,2393,6,4,956,11,230,12.08,6,13,4,21,28,33,5
121,1,2393,6,4,956,11,230,12.08,6,13,4,21,28,33,5
121,1,2393,6,4,956,11,230,12.08,6,13,4,21,28,33,5
121,1,2393,6,4,956,11,230,12.08,6,13,4,21,28,33,5
121,1,2393,6,4,956,11,230,12.08,6,13,4,21,28,33,5
125,1,2398,6,4,883,10,225,11.79,6,11,2,19,27,33,3
125,1,2398,6,4,883,10,225,11.79,6,11,2,19,27,33,3
125,1,2398,6,4,883,10,225,11.79,6,11,2,19,27,33,3
125,1,2398,6,4,883,10,225,11.79,6,11,2,19,27,33,3
125,1,2398,6,4,883,10,225,11.79,6,11,2,19,27,33,3
125,1,2398,6,4,883,10,225,11.79,6,11,2,19,27,33,3
125,1,2398,6,4,883,10,225,11.79,6,11,2,19,27,33,3
110,1,2429,4,3,1.154,9,229,11.85,6,12,2,20,27,33,4
110,1,2429,4,3,1.154,9,229,11.85,6,12,2,20,27,33,4
110,1,2429,4,3,1.154,9,229,11.85,6,12,2,20,27,33,4
110,1,2429,4,3,1.154,9,229,11.85,6,12,2,20,27,33,4
103,1,2435,5,3,1.84,10,220,11.35,6,12,2,21,27,33,4
103,1,2435,5,3,1.84,10,220,11.35,6,12,2,21,27,33,4
121,1,2435,5,3,1.84,11,211,10.89,6,12,2,21,27,33,4
121,1,2435,5,3,1.84,11,211,10.89,6,12,2,21,27,33,4
125,1,2435,5,3,1.84,10,230,11.87,6,12,2,21,27,33,4
125,1,2435,5,3,1.84,10,230,11.87,6,12,2,21,27,33,4
125,1,2435,5,3,1.84,10,230,11.87,6,12,2,21,27,33,4
125,1,2435,5,3,1.84,10,230,11.87,6,12,2,21,27,33,4
142,1,2435,5,3,1.84,9,270,13.93,6,12,2,21,27,33,4
142,1,2435,5,3,1.84,9,270,13.93,6,12,2,21,27,33,4
142,1,2435,5,3,1.84,9,270,13.93,6,12,2,21,27,33,4
142,1,2435,5,3,1.84,9,270,13.93,6,12,2,21,27,33,4
142,1,2435,5,3,1.84,9,270,13.93,6,12,2,21,27,33,4
142,1,2435,5,3,1.84,9,270,13.93,6,12,2,21,27,33,4
142,1,2435,5,3,1.84,9,270,13.93,6,12,2,21,27,33,4
142,1,2435,5,3,1.84,9,270,13.93,6,12,2,21,27,33,4
147,1,2435,5,3,1.84,9,285,14.71,6,12,2,21,0,0,4
147,1,2435,5,3,1.84,9,285,14.71,6,12,2,21,0,0,4
147,1,2435,5,3,1.84,9,285,14.71,6,12,2,21,0,0,4
95,2,2446,4,3,1,22,285,14.64,6,12,1,22,27,33,3
95,2,2446,4,3,1,22,285,14.64,6,12,1,22,27,33,3
129,1,2446,5,3,1.89,10,230,11.82,6,12,2,21,28,33,4
129,1,2446,5,3,1.89,10,230,11.82,6,12,2,21,28,33,4
129,1,2446,5,3,1.89,10,230,11.82,6,12,2,21,28,33,4
129,1,2446,5,3,1.89,10,230,11.82,6,12,2,21,28,33,4
129,1,2446,5,3,1.89,10,230,11.82,6,12,2,21,28,33,4
115,1,2457,4,5,794,10,223,11.41,6,14,4,21,27,33,4
115,1,2457,4,5,794,10,223,11.41,6,14,4,21,27,33,4
115,1,2457,4,5,794,10,223,11.41,6,14,4,21,27,33,4
115,1,2457,4,5,794,10,223,11.41,6,14,4,21,27,33,4
115,1,2457,4,5,794,10,223,11.41,6,14,4,21,27,33,4
115,1,2457,4,5,794,10,223,11.41,6,14,4,21,27,33,4
65,2,2461,5,3,1179,21,195,9.96,6,12,1,21,27,33,2
65,2,2461,5,3,1179,21,195,9.96,6,12,1,21,27,33,2
75,2,2461,5,3,1179,21,250,12.77,6,12,1,21,27,33,2
75,2,2461,5,3,1179,21,250,12.77,6,12,1,21,27,33,2
75,2,2461,5,3,1179,21,250,12.77,6,12,1,21,27,33,2
75,2,2461,5,3,1179,21,250,12.77,6,12,1,21,27,33,2
75,2,2461,5,3,1179,21,250,12.77,6,12,1,21,27,33,2
75,2,2461,5,3,1179,21,250,12.77,6,12,1,21,27,33,2
85,1,2461,5,3,1179,10,200,10.21,6,12,1,21,27,33,2
85,1,2461,5,3,1179,10,200,10.21,6,12,1,21,27,33,2
85,1,2461,5,3,1179,10,200,10.21,6,12,1,21,27,33,2
85,1,2461,5,3,1179,10,200,10.21,6,12,1,21,27,33,2
85,1,2461,5,3,1179,10,200,10.21,6,12,1,21,27,33,2
85,1,2461,5,3,1179,10,200,10.21,6,12,1,21,27,33,2
103,2,2461,5,3,1179,21,290,14.81,6,12,1,21,27,33,2
103,2,2461,5,3,1179,21,290,14.81,6,12,1,21,27,33,2
103,2,2461,5,3,1179,21,290,14.81,6,12,1,21,27,33,2
111,2,2461,5,3,1179,19,295,15.06,6,12,1,21,27,33,2
87,1,2463,4,3,823,9,186,9.49,7,15,1,23,27,33,2
59,2,2477,4,3,1.43,21,210,10.65,6,12,1,0,27,33,2
59,2,2477,4,3,1.43,21,210,10.65,6,12,1,0,27,33,2
59,2,2477,4,3,1.43,21,210,10.65,6,12,1,0,27,33,2
59,2,2477,4,3,1.43,21,210,10.65,6,12,1,0,27,33,2
73,2,2477,4,3,1.43,21,252,12.78,6,12,1,25,27,33,2
73,2,2477,4,3,1.43,21,252,12.78,6,12,1,25,27,33,2
73,2,2477,4,3,1.43,21,252,12.78,6,12,1,25,27,33,2
73,2,2477,4,3,1.43,21,252,12.78,6,12,1,25,27,33,2
140,1,2492,6,4,0.776,10,222,11.19,6,12,4,21,27,33,4
140,1,2492,6,4,0.776,10,222,11.19,6,12,4,21,27,33,4
140,1,2492,6,4,0.776,10,222,11.19,6,12,4,21,27,33,4
140,1,2492,6,4,0.776,10,222,11.19,6,12,4,21,27,33,4
140,1,2492,6,4,0.776,10,222,11.19,6,12,4,21,27,33,4
140,1,2492,6,4,0.776,10,222,11.19,6,12,4,21,27,33,4
106,1,2494,6,4,893,10,208,10.48,6,11,4,21,27,33,4
106,1,2494,6,4,893,10,208,10.48,6,11,4,21,27,33,4
118,1,2494,6,4,893,10,230,11.59,6,12,4,20,27,33,4
125,1,2494,6,3,893,11,245,12.34,6,9,2,21,28,33,4
125,1,2494,6,3,893,11,245,12.34,6,9,2,21,28,33,4
125,1,2494,6,3,893,11,245,12.34,6,9,2,21,29,35,4
125,1,2494,6,3,893,11,245,12.34,6,9,2,21,29,35,4
125,1,2494,6,3,893,11,245,12.34,6,9,2,21,29,35,4
125,1,2494,6,3,893,11,245,12.34,6,9,2,21,29,35,4
125,1,2494,6,3,893,11,245,12.34,6,9,2,21,28,34,4
125,1,2494,6,3,893,11,245,12.34,6,9,2,21,28,34,4
125,1,2494,6,3,893,11,245,12.34,6,9,2,21,28,34,4
125,1,2494,6,3,893,11,245,12.34,6,9,2,21,28,34,4
125,1,2495,6,4,0.974,10,220,11.08,6,15,4,20,27,33,4
125,1,2495,6,4,0.974,10,220,11.08,6,15,4,20,27,33,4
151,1,2495,6,4,0.974,10,235,11.84,6,15,4,20,27,33,4
101,2,2496,5,3,1.53,20,300,15.1,6,15,1,19,27,33,2
101,2,2496,5,3,1.53,20,315,15.86,6,15,1,19,27,33,2
110,2,2496,6,4,1.13,20,310,15.61,6,14,4,22,27,33,4
110,2,2496,6,4,1.13,20,310,15.61,6,14,4,22,27,33,4
110,2,2496,6,4,1.13,20,310,15.61,6,14,4,22,27,33,4
110,2,2496,6,4,1.13,20,310,15.61,6,14,4,22,27,33,4
110,2,2496,6,4,1.13,20,310,15.61,6,14,4,22,27,33,4
110,2,2496,6,4,1.13,20,310,15.61,6,14,4,22,27,33,4
110,2,2496,6,4,1.13,20,310,15.61,6,14,4,22,27,33,4
110,2,2496,6,4,1.13,20,310,15.61,6,14,4,22,27,33,4
110,2,2496,6,4,1.13,20,310,15.61,6,14,4,22,27,33,4
110,2,2496,6,4,1.13,20,310,15.61,6,14,4,22,27,33,4
110,2,2496,6,4,1.13,20,310,15.61,6,14,4,22,27,33,4
110,2,2496,6,4,1.13,20,310,15.61,6,14,4,22,27,33,4
110,2,2496,6,4,1.13,20,310,15.61,6,14,4,22,27,33,4
110,2,2496,6,4,1.13,20,310,15.61,6,14,4,22,27,33,4
110,2,2496,6,4,1.13,20,310,15.61,6,14,4,22,27,33,4
110,2,2496,6,4,1.13,20,310,15.61,6,14,4,22,27,33,4
110,2,2496,6,4,1.13,20,310,15.61,6,14,4,22,27,33,4
132,2,2496,6,4,1.13,19,370,18.63,6,14,4,22,27,33,4
132,2,2496,6,4,1.13,19,370,18.63,6,14,4,22,27,33,4
132,2,2496,6,4,1.13,19,370,18.63,6,14,4,22,27,33,4
132,2,2496,6,4,1.13,19,370,18.63,6,14,4,22,27,33,4
132,2,2496,6,4,1.13,19,370,18.63,6,14,4,22,27,33,4
132,2,2496,6,4,1.13,19,370,18.63,6,14,4,22,27,33,4
132,2,2496,6,4,1.13,19,370,18.63,6,14,4,22,27,33,4
132,2,2496,6,4,1.13,19,370,18.63,6,14,4,22,27,33,4
132,2,2496,6,4,1.13,19,370,18.63,6,14,4,22,27,33,4
132,2,2496,6,4,1.13,19,370,18.63,6,14,4,22,27,33,4
132,2,2496,6,4,1.13,19,370,18.63,6,14,4,22,27,33,4
96,2,2497,6,3,1.35,23,250,12.58,6,15,1,21,0,0,2
96,2,2497,6,3,1.35,23,250,12.58,6,15,1,21,0,0,2
96,2,2497,6,3,1.35,23,250,12.58,6,15,1,21,0,0,2
96,2,2497,6,3,1.35,23,250,12.58,6,15,1,21,0,0,2
100,2,2497,6,3,1.35,23,270,13.59,6,12,1,21,27,33,2
100,2,2497,6,3,1.35,23,270,13.59,6,12,1,21,27,33,2
110,2,2497,5,3,966,22,280,14.09,6,10,2,21,27,33,4
110,2,2497,5,3,966,22,280,14.09,6,10,2,21,27,33,4
120,2,2497,6,3,1.35,22,350,17.61,6,9,2,20,27,33,4
120,2,2497,6,3,1.35,22,350,17.61,6,9,2,20,27,33,4
120,2,2497,6,3,1.35,22,350,17.61,6,9,2,20,27,33,4
120,2,2497,6,3,1.35,22,350,17.61,6,9,2,20,27,33,4
121,1,2497,6,4,1.35,10,222,11.17,6,12,4,21,27,33,4
121,1,2497,6,4,1.35,10,222,11.17,6,12,4,21,27,33,4
123,1,2497,6,4,878,9,212,10.67,6,14,4,21,27,33,4
123,1,2497,6,4,878,9,212,10.67,6,14,4,21,27,33,4
129,1,2497,6,4,1.35,9999,240,12.08,6,12,4,21,27,33,4
129,1,2497,6,4,1.35,9999,240,12.08,6,12,4,21,27,33,4
120,1,2498,6,4,998,10,223,11.22,6,12,4,19,27,33,4
120,1,2498,6,4,998,10,223,11.22,6,12,4,19,27,33,4
120,1,2498,6,4,998,10,223,11.22,6,12,4,19,27,33,4
120,1,2498,6,4,998,10,223,11.22,6,12,4,19,27,33,4
125,1,2498,6,4,976,11,227,11.42,6,12,4,21,27,33,4
125,1,2498,6,4,976,11,227,11.42,6,12,4,21,27,33,4
125,1,2498,6,4,976,11,230,11.57,6,12,4,21,27,33,4
125,1,2498,6,4,976,11,230,11.57,6,12,4,21,27,33,4
125,1,2498,6,4,976,11,230,11.57,6,12,4,21,27,33,4
125,1,2498,6,4,976,11,230,11.57,6,12,4,21,27,33,4
125,1,2498,6,4,976,11,227,11.42,6,12,4,21,27,33,4
125,1,2498,6,4,976,11,227,11.42,6,12,4,21,27,33,4
143,1,2498,6,4,976,11,240,12.07,6,12,4,21,27,33,4
85,2,2500,4,3,1.22,21,270,13.57,7,16,1,25,27,33,2
85,2,2500,4,3,1.22,21,270,13.57,7,16,1,25,27,33,2
85,2,2500,4,3,1.22,21,300,15.08,7,16,1,23,27,33,2
125,1,2597,6,4,759,11,240,11.61,6,11,2,19,27,33,3
125,1,2597,6,4,759,11,240,11.61,6,11,2,19,27,33,3
110,1,2598,6,4,982,10,225,10.88,6,12,2,21,27,33,2
110,1,2598,6,4,982,10,225,10.88,6,12,2,21,27,33,2
92,2,2664,4,3,958,22,278,13.11,7,18,1,23,27,33,2
92,2,2664,4,3,958,22,278,13.11,7,18,1,23,27,33,2
92,2,2664,4,3,958,22,278,13.11,7,18,1,23,27,33,2
92,2,2664,4,3,958,22,278,13.11,7,18,1,23,27,33,2
169,1,2671,6,4,1.67,9,310,14.58,6,13,4,21,28,33,5
169,1,2671,6,4,1.67,9,310,14.58,6,13,4,21,28,33,5
169,1,2671,6,4,1.67,9,310,14.58,6,13,4,21,28,33,5
169,1,2671,6,4,1.67,9,310,14.58,6,13,4,21,28,33,5
169,1,2671,6,4,1.67,9,310,14.58,6,13,4,21,28,33,5
169,1,2671,6,4,1.67,9,310,14.58,6,13,4,21,28,33,5
169,1,2671,6,4,1.67,9,310,14.58,6,13,4,21,28,33,5
169,1,2671,6,4,1.67,9,310,14.58,6,13,4,21,28,33,5
184,1,2671,6,4,1.67,9,350,16.47,6,13,4,21,28,33,5
184,1,2671,6,4,1.67,9,350,16.47,6,13,4,21,28,33,5
195,1,2671,6,4,1.67,9,400,18.82,6,13,4,21,28,33,5
195,1,2671,6,4,1.67,9,400,18.82,6,13,4,21,28,33,5
280,1,2671,6,4,1.67,9,440,20.7,6,13,4,21,28,33,5
125,2,2685,5,3,1.3,18,370,17.32,6,10,2,21,27,33,4
125,2,2685,5,3,1.3,18,400,18.72,6,10,2,21,27,33,4
162,1,2687,6,5,912,11,260,12.16,6,11,4,21,28,33,4
162,1,2687,6,5,912,11,260,12.16,6,11,4,21,28,33,4
120,2,2688,5,3,1.5,18,370,17.3,6,10,2,21,27,33,4
120,2,2688,5,3,1.5,18,400,18.7,6,10,2,21,27,33,4
125,2,2688,5,3,1.5,18,370,17.3,6,10,2,21,27,33,4
125,2,2688,5,3,1.5,18,400,18.7,6,10,2,21,27,33,4
125,2,2688,5,3,1.5,18,370,17.3,6,10,2,21,27,33,4
125,2,2688,5,3,1.5,18,400,18.7,6,10,2,21,27,33,4
72,2,2765,4,3,1.13,21,245,11.13,7,16,1,23,27,33,2
128,1,2771,6,4,1.47,10,250,11.34,6,12,2,21,27,33,2
128,1,2771,6,4,1.47,10,250,11.34,6,12,2,21,27,33,2
142,1,2771,6,4,1.47,11,280,12.7,6,13,4,21,28,33,5
142,1,2771,6,4,1.47,11,280,12.7,6,13,4,21,28,33,5
142,1,2771,6,4,1.47,11,280,12.7,6,13,4,21,28,33,5
142,1,2771,6,4,1.47,11,280,12.7,6,13,4,21,28,33,5
142,1,2771,6,4,1.47,11,280,12.7,6,13,4,21,28,33,5
142,1,2771,6,4,1.47,11,280,12.7,6,13,4,21,28,33,5
142,1,2771,6,4,1.47,11,280,12.7,6,13,4,21,28,33,5
142,1,2771,6,4,1.47,11,280,12.7,6,13,4,21,28,33,5
142,1,2771,6,4,1.47,11,280,12.7,6,13,4,21,28,33,5
142,1,2771,6,4,1.47,11,280,12.7,6,13,4,21,28,33,5
142,1,2771,6,4,1.47,11,280,12.7,6,13,4,21,28,33,5
142,1,2771,6,4,1.47,11,280,12.7,6,13,4,21,28,33,5
142,1,2771,6,4,1.47,11,280,12.7,6,13,4,21,28,33,5
142,1,2771,6,4,1.47,11,280,12.7,6,13,4,21,28,33,5
142,1,2771,6,4,1.47,11,280,12.7,6,13,4,21,28,33,5
142,1,2771,6,4,1.47,11,280,12.7,6,13,4,21,28,33,5
142,1,2771,6,4,1.47,11,280,12.7,6,13,4,21,28,33,5
142,1,2771,6,4,1.47,11,280,12.7,6,13,4,21,28,33,5
200,1,2783,6,3,1111,9,380,17.16,6,12,2,21,27,34,4
206,1,2790,6,4,713,7,397,17.88,6,13,4,21,27,33,4
206,1,2790,6,4,713,7,397,17.88,6,13,4,21,27,33,4
103,1,2792,6,4,1115,10,240,10.8,6,15,2,21,27,33,2
103,1,2792,6,4,1115,10,240,10.8,6,15,2,21,27,33,2
103,1,2792,6,4,1115,10,240,10.8,6,15,2,21,27,33,2
103,1,2792,6,4,1115,10,240,10.8,6,15,2,21,27,33,2
128,1,2792,6,4,1115,10,237,10.67,6,11,2,21,27,33,2
128,1,2792,6,4,1115,10,235,10.58,6,15,2,21,27,33,2
128,1,2792,6,4,1115,10,235,10.58,6,15,2,21,27,33,2
128,1,2792,6,4,1115,10,240,10.8,6,15,2,21,27,33,2
128,1,2792,6,4,1115,10,235,10.58,6,15,2,21,27,33,2
128,1,2792,6,4,1115,10,235,10.58,6,15,2,21,27,33,2
128,1,2792,6,4,1115,10,235,10.58,6,15,2,21,27,33,2
141,1,2793,6,3,1,10,275,12.37,6,9,2,21,28,33,4
141,1,2793,6,3,1,10,275,12.37,6,9,2,21,28,33,4
142,1,2793,6,3,1,10,280,12.6,6,9,2,21,28,34,4
142,1,2793,6,3,1,10,280,12.6,6,9,2,21,28,34,4
142,1,2793,6,3,1,10,280,12.6,6,9,2,21,29,35,4
142,1,2793,6,3,1,10,280,12.6,6,9,2,21,29,35,4
142,1,2793,6,3,1,10,280,12.6,6,9,2,21,29,35,4
142,1,2793,6,3,1,10,280,12.6,6,9,2,21,29,35,4
142,1,2793,6,3,1,10,280,12.6,6,9,2,21,29,35,4
142,1,2793,6,3,1,10,280,12.6,6,9,2,21,29,35,4
142,1,2793,6,3,1,10,280,12.6,6,9,2,21,29,35,4
142,1,2793,6,3,1,10,280,12.6,6,9,2,21,29,35,4
142,1,2793,6,3,1,10,280,12.6,6,9,2,21,29,35,4
142,1,2793,6,3,1,10,280,12.6,6,9,2,21,28,34,4
142,1,2793,6,3,1,10,280,12.6,6,9,2,21,28,34,4
142,1,2793,6,3,1,10,280,12.6,6,9,2,21,29,35,4
142,1,2793,6,3,1,10,280,12.6,6,9,2,21,29,35,4
145,1,2799,6,4,818,10,265,11.9,6,11,2,19,27,33,3
145,1,2799,6,4,818,10,265,11.9,6,11,2,19,27,33,3
150,1,2799,6,4,818,10,270,12.12,6,11,2,19,27,33,3
150,1,2799,6,4,818,10,270,12.12,6,11,2,19,27,33,3
150,1,2799,6,4,818,10,270,12.12,6,11,2,19,27,33,3
150,1,2799,6,4,818,10,270,12.12,6,11,2,19,27,33,3
150,1,2799,6,4,818,10,270,12.12,6,11,2,19,27,33,3
150,1,2799,6,4,818,10,270,12.12,6,11,2,19,27,33,3
150,1,2799,6,4,818,10,270,12.12,6,11,2,19,27,33,3
150,1,2799,6,4,818,10,270,12.12,6,11,2,19,27,33,3
88,2,2874,5,3,1.38,20,280,12.24,6,11,1,21,27,33,2
88,2,2874,5,3,1.38,20,280,12.24,6,11,1,21,27,33,2
88,2,2874,5,3,1.38,22,250,10.93,6,11,1,21,27,33,2
88,2,2874,5,3,1.38,22,250,10.93,6,11,1,21,27,33,2
88,2,2874,5,3,1.38,22,256,11.19,6,11,1,21,27,33,2
88,2,2874,5,3,1.38,22,256,11.19,6,11,1,21,27,33,2
88,2,2874,5,3,1.38,22,256,11.19,6,11,1,21,27,33,2
88,2,2874,5,3,1.38,22,256,11.19,6,11,1,21,27,33,2
93,2,2903,4,3,1.9,19,338,14.63,6,12,2,21,27,33,4
93,2,2903,4,3,1.9,19,338,14.63,6,12,2,21,27,33,4
147,1,2922,6,3,1.84,11,280,12.04,6,12,2,21,28,33,4
147,1,2922,6,3,1.84,11,280,12.04,6,12,2,21,28,33,4
135,2,2926,6,3,1.48,18,390,16.75,6,9,2,20,27,33,4
135,2,2926,6,3,1.48,18,390,16.75,6,9,2,20,27,33,4
135,2,2926,6,3,1.48,18,390,16.75,6,9,2,20,27,33,4
135,2,2926,6,3,1.48,18,390,16.75,6,9,2,20,27,33,4
135,2,2926,6,3,1.48,18,410,17.61,6,9,2,20,27,33,4
135,2,2926,6,3,1.48,18,390,16.75,6,9,2,20,27,33,4
135,2,2926,6,3,1.48,18,390,16.75,6,9,2,20,27,33,4
135,2,2926,6,3,1.48,18,390,16.75,6,9,2,20,27,33,4
135,2,2926,6,3,1.48,18,390,16.75,6,9,2,20,27,33,4
124,1,2935,6,4,774,9,259,11.09,7,15,1,23,27,33,2
140,1,2946,6,4,0.949,11,267,11.39,6,12,4,21,27,33,4
140,1,2946,6,4,0.949,11,267,11.39,6,12,4,21,27,33,4
140,1,2946,6,4,0.949,11,267,11.39,6,12,4,21,27,33,4
140,1,2946,6,4,0.949,11,267,11.39,6,12,4,21,27,33,4
140,1,2946,6,4,0.949,11,267,11.39,6,12,4,21,27,33,4
140,1,2946,6,4,0.949,11,267,11.39,6,12,4,21,27,33,4
140,1,2946,6,4,0.949,11,267,11.39,6,12,4,21,27,33,4
140,1,2946,6,4,0.949,11,267,11.39,6,12,4,21,27,33,4
140,1,2946,6,4,0.949,11,267,11.39,6,12,4,21,27,33,4
140,1,2946,6,4,0.949,11,267,11.39,6,12,4,21,27,33,4
140,1,2946,6,4,0.949,11,267,11.39,6,12,4,21,27,33,4
140,1,2946,6,4,0.949,11,267,11.39,6,12,4,21,27,33,4
140,1,2946,6,4,0.949,11,267,11.39,6,12,4,21,27,33,4
140,1,2946,6,4,0.949,11,267,11.39,6,12,4,21,27,33,4
140,1,2946,6,4,0.949,11,267,11.39,6,12,4,21,27,33,4
140,1,2946,6,4,0.949,11,267,11.39,6,12,4,21,27,33,4
116,2,2953,4,3,1.63,18,323,13.75,6,15,2,21,27,33,4
116,2,2953,4,3,1.63,18,323,13.75,6,15,2,21,27,33,4
116,2,2953,4,3,1.63,18,354,15.06,6,15,2,21,27,33,4
116,2,2953,4,3,1.63,18,354,15.06,6,15,2,21,27,33,4
116,2,2953,4,3,1.63,18,354,15.06,6,15,2,21,27,33,4
116,2,2953,4,3,1.63,18,354,15.06,6,15,2,21,27,33,4
141,1,2959,6,4,0.781,10,260,11.04,6,12,2,26,27,33,2
150,1,2959,6,4,0.781,10,270,11.47,6,12,2,26,27,33,4
150,1,2959,6,4,0.781,10,270,11.47,6,12,2,26,27,33,4
150,1,2959,6,4,0.781,10,270,11.47,6,12,2,26,27,33,4
150,1,2959,6,4,0.781,10,270,11.47,6,12,2,26,27,33,4
162,1,2959,6,4,0.781,10,270,11.47,6,12,4,0,27,33,4
162,1,2959,6,4,0.781,10,270,11.47,6,12,4,0,27,33,4
166,1,2959,6,4,0.781,10,275,11.68,6,12,4,0,27,33,4
166,1,2959,6,4,0.781,10,275,11.68,6,12,4,0,27,33,4
147,1,2962,6,4,988,10,310,13.15,6,12,4,21,27,33,4
147,1,2962,6,4,988,10,310,13.15,6,12,4,21,27,33,4
155,1,2962,6,4,988,11,270,11.45,6,12,4,21,27,33,4
155,1,2962,6,4,988,11,270,11.45,6,12,4,21,27,33,4
155,1,2962,6,4,988,11,270,11.45,6,12,4,21,27,33,4
155,1,2962,6,4,988,11,270,11.45,6,12,4,21,27,33,4
175,1,2967,6,4,893,11,293,12.41,6,9,4,21,29,33,4
175,1,2967,6,4,893,11,293,12.41,6,9,4,21,29,33,4
104,1,2972,6,4,0.834,9,220,9.3,6,12,2,25,27,33,2
104,1,2972,6,4,0.834,9,220,9.3,6,12,2,25,27,33,2
104,1,2972,6,4,0.834,9,220,9.3,6,12,2,25,27,33,2
104,1,2972,6,4,0.834,9,220,9.3,6,12,2,25,27,33,2
130,1,2972,6,4,0.834,9,255,10.78,6,12,2,19,27,33,4
130,1,2972,6,4,0.834,9,255,10.78,6,12,2,19,27,33,4
130,1,2972,6,4,0.834,9,255,10.78,6,12,2,19,27,33,4
138,1,2972,6,4,0.834,10,255,10.78,6,12,4,22,27,33,4
210,1,2972,6,4,0.834,8,407,17.21,6,12,4,22,27,33,4
188,1,2977,6,4,867,10,284,11.99,6,12,4,22,32,37,4
188,1,2977,6,4,867,10,284,11.99,6,12,4,22,32,37,4
170,1,2979,6,3,1.67,10,300,12.65,6,9,2,21,28,34,4
170,1,2979,6,3,1.67,10,300,12.65,6,9,2,21,28,34,4
92,2,2982,4,3,1.73,21,295,12.43,6,12,1,21,27,33,2
92,2,2982,4,3,1.73,21,295,12.43,6,12,1,21,27,33,2
92,2,2982,4,3,1.73,21,295,12.43,6,12,1,21,27,33,2
92,2,2982,4,3,1.73,21,295,12.43,6,12,1,21,27,33,2
92,2,2982,4,3,1.73,21,295,12.43,6,12,1,21,27,33,2
92,2,2982,4,3,1.73,21,295,12.43,6,12,1,21,27,33,2
108,1,2986,6,4,899,9,253,10.65,7,15,1,23,27,33,2
147,1,2988,6,4,0.788,10,271,11.4,6,11,4,21,27,33,4
147,1,2988,6,4,0.788,10,271,11.4,6,11,4,21,27,33,4
130,2,2996,6,3,966,22,330,13.84,6,10,2,21,27,33,4
130,2,2996,6,3,966,22,330,13.84,6,10,2,21,27,33,4
130,2,2996,6,3,966,22,330,13.84,6,10,2,21,27,33,4
147,1,2997,6,4,1,9,265,11.11,6,12,2,25,32,33,4
163,1,2997,6,3,1,11,298,12.5,6,14,2,21,29,33,4
117,2,2999,4,3,1.1,19,333,13.95,6,12,2,21,27,33,4
117,2,2999,4,3,1.1,19,333,13.95,6,12,2,21,27,33,4
117,2,2999,4,3,1.1,19,333,13.95,6,12,2,21,27,33,4
117,2,2999,4,3,1.1,19,333,13.95,6,12,2,21,27,33,4
103,2,3124,5,3,1.22,21,384,15.45,7,16,1,23,27,33,2
151,1,3165,6,4,0.824,9,290,11.51,6,12,4,21,27,33,4
151,1,3165,6,4,0.824,9,290,11.51,6,12,4,21,27,33,4
185,1,3179,6,5,0.839,11,305,12.06,6,11,4,21,28,33,4
185,1,3179,6,5,0.839,11,305,12.06,6,11,4,21,28,33,4
206,1,3179,6,4,0.839,10,298,11.78,6,12,4,22,32,37,4
206,1,3179,6,4,0.839,10,298,11.78,6,12,4,22,32,37,4
156,1,3199,6,3,934,10,297,11.67,6,11,2,21,28,33,4
160,1,3199,6,4,934,10,308,12.1,6,11,2,19,27,33,3
160,1,3199,6,4,934,10,308,12.1,6,11,2,19,27,33,3
160,1,3199,6,4,934,10,310,12.18,6,11,2,19,27,33,3
160,1,3199,6,4,934,10,310,12.18,6,11,2,19,27,33,3
160,1,3199,6,4,934,10,310,12.18,6,11,2,19,27,33,3
160,1,3199,6,4,934,10,310,12.18,6,11,2,19,27,33,3
162,1,3199,6,3,934,10,310,12.18,6,11,2,21,28,33,4
165,1,3199,6,4,934,10,315,12.37,6,11,2,19,27,33,3
165,1,3199,6,4,934,10,315,12.37,6,11,2,19,27,33,3
165,1,3199,6,4,934,10,315,12.37,6,11,2,19,27,33,3
165,1,3199,6,4,934,10,315,12.37,6,11,2,19,27,33,3
165,1,3199,6,4,934,10,315,12.37,6,11,2,19,27,33,3
165,1,3199,6,4,934,10,315,12.37,6,11,2,19,27,33,3
165,1,3199,6,4,934,10,315,12.37,6,11,2,19,27,33,3
165,1,3199,6,4,934,10,315,12.37,6,11,2,19,27,33,3
165,1,3199,6,4,934,10,315,12.37,6,11,2,19,27,33,3
165,1,3199,6,4,934,10,315,12.37,6,11,2,19,27,33,3
121,2,3200,4,3,1.66,17,373,14.65,6,12,2,21,27,33,4
121,2,3200,4,3,1.66,17,373,14.65,6,12,2,21,27,33,4
121,2,3200,4,3,1.66,17,373,14.65,6,12,2,21,27,33,4
121,2,3200,4,3,1.66,17,373,14.65,6,12,2,21,27,33,4
236,1,3201,6,3,1.53,11,350,13.74,6,11,2,21,29,35,4
236,1,3201,6,3,1.53,11,350,13.74,6,11,2,21,29,35,4
247,1,3217,8,4,1,7,450,17.58,6,13,4,21,27,33,4
247,1,3217,8,4,1,7,450,17.58,6,13,4,21,27,33,4
271,1,3217,8,4,1,8,491,19.18,6,13,4,0,27,33,4
271,1,3217,8,4,1,8,491,19.18,6,13,4,0,27,33,4
145,2,3226,6,3,1.5,18,470,18.31,6,10,2,21,27,33,4
145,2,3226,6,3,1.5,18,470,18.31,6,10,2,21,27,33,4
145,2,3226,6,3,1.5,18,470,18.31,6,10,2,21,27,33,4
250,1,3239,6,3,912,8,490,19.01,6,11,2,21,0,0,4
250,1,3239,6,3,912,8,490,19.01,6,11,2,21,0,0,4
250,1,3239,6,3,912,8,490,19.01,6,11,2,21,0,0,4
250,1,3239,6,3,912,8,490,19.01,6,11,2,21,0,0,4
174,1,3253,8,4,0.814,11,310,11.98,6,9,4,21,27,33,4
174,1,3253,8,4,0.814,11,310,11.98,6,9,4,21,27,33,4
110,1,3275,6,4,0.97,9,266,10.21,6,12,2,25,27,33,2
110,1,3275,6,4,0.97,9,266,10.21,6,12,2,25,27,33,2
116,1,3301,6,4,871,9,275,10.47,7,9,1,19,27,33,2
116,1,3301,6,4,871,9,275,10.47,7,9,1,19,27,33,2
165,2,3328,8,4,1.13,19,480,18.12,6,14,4,22,27,33,4
137,1,3350,6,4,0.913,10,285,10.69,7,15,1,23,27,33,2
131,1,3378,6,4,877,10,303,11.27,6,14,4,21,27,33,4
131,1,3378,6,4,877,10,303,11.27,6,14,4,21,27,33,4
131,1,3378,6,4,877,10,303,11.27,6,14,4,21,27,33,4
131,1,3378,6,4,877,10,303,11.27,6,14,4,21,27,33,4
221,1,3387,6,5,813,11,350,12.99,6,11,4,21,28,33,4
221,1,3387,6,5,813,11,350,12.99,6,11,4,21,28,33,4
221,1,3387,6,5,813,11,350,12.99,6,11,4,21,28,33,4
221,1,3387,6,5,813,11,350,12.99,6,11,4,21,28,33,4
221,1,3387,6,5,813,11,350,12.99,6,11,4,21,28,33,4
221,1,3387,6,5,813,11,350,12.99,6,11,4,21,28,33,4
221,1,3387,6,5,813,11,350,12.99,6,11,4,21,28,33,4
221,1,3387,6,5,813,11,350,12.99,6,11,4,21,28,33,4
153,1,3474,6,4,1.11,10,303,10.96,6,12,2,25,27,33,4
158,1,3494,6,4,0.91,9,310,11.15,6,12,4,21,27,33,4
158,1,3494,6,4,0.91,9,310,11.15,6,12,4,21,27,33,4
158,1,3494,6,4,0.91,9,310,11.15,6,12,4,21,27,33,4
158,1,3494,6,4,0.91,9,310,11.15,6,12,4,21,27,33,4
280,1,3495,8,4,0.96,11,363,13.05,6,12,4,21,27,33,5
280,1,3495,8,4,0.96,11,363,13.05,6,12,4,21,27,33,5
280,1,3495,8,4,0.96,11,363,13.05,6,12,4,21,27,33,5
149,1,3497,6,4,0.923,10,318,11.43,6,12,4,21,27,33,4
149,1,3497,6,4,0.923,10,318,11.43,6,12,4,21,27,33,4
149,1,3497,6,4,0.923,10,318,11.43,6,12,4,21,27,33,4
149,1,3497,6,4,0.923,10,318,11.43,6,12,4,21,27,33,4
175,1,3498,8,4,0.939,10,345,12.39,6,9,4,21,29,33,4
175,1,3498,8,4,0.939,10,345,12.39,6,9,4,21,29,33,4
180,1,3498,8,4,0.939,10,345,12.39,6,9,4,21,28,33,4
180,1,3498,8,4,0.939,10,345,12.39,6,9,4,21,28,33,4
260,1,3506,8,4,976,8,400,14.34,6,13,4,21,27,33,4
294,1,3586,8,4,929,11,373,13.07,6,12,4,21,0,36,5
294,1,3586,8,4,929,11,373,13.07,6,12,4,21,0,36,5
294,1,3586,8,4,929,11,373,13.07,6,12,4,21,0,36,5
294,1,3586,8,4,929,11,373,13.07,6,12,4,21,0,36,5
265,1,3600,6,5,764,12,370,12.92,6,11,4,21,28,33,4
309,1,3600,6,5,764,9,560,19.55,6,11,4,21,30,33,4
309,1,3600,6,5,764,9,560,19.55,6,9,4,21,30,33,4
191,1,3697,8,4,975,11,350,11.9,6,13,4,20,29,33,5
191,1,3697,8,4,975,11,350,11.9,6,13,4,20,29,33,5
131,1,3778,6,4,0.96,10,325,10.81,7,9,1,19,27,33,2
180,2,3901,8,4,1.48,18,560,18.04,6,10,4,20,27,33,4
136,1,3947,8,4,0.756,9,340,10.82,7,15,1,23,0,0,2
136,1,3947,8,4,0.756,9,340,10.82,7,15,1,23,0,0,2
140,1,3947,8,4,0.756,9,320,10.19,7,15,1,23,0,0,2
168,1,3947,8,4,0.756,11,366,11.65,7,15,1,23,0,0,2
168,1,3947,8,4,0.756,11,366,11.65,7,15,1,23,0,0,2
130,1,3954,6,3,0.881,9,296,9.41,7,15,1,23,27,33,2
130,1,3954,6,3,0.881,9,296,9.41,7,15,1,23,27,33,2
135,1,3954,6,3,0.881,9,299,9.5,7,15,1,23,27,33,2
140,1,3954,6,3,0.881,9,295,9.38,7,15,1,23,27,33,2
203,1,3969,8,4,943,11,387,12.25,6,14,4,21,29,33,4
184,2,3996,8,4,1,19,560,17.61,6,11,4,21,27,33,4
184,2,3996,8,4,1,19,560,17.61,6,11,4,21,27,33,4
203,1,3996,8,4,1,11,378,11.89,6,9,4,21,28,33,4
209,1,3996,8,4,1,11,375,11.79,6,9,4,21,29,33,4
209,1,3996,8,4,1,11,375,11.79,6,9,4,21,29,33,4
209,1,3996,8,4,1,11,375,11.79,6,9,4,21,29,33,4
209,1,3996,8,4,1,11,375,11.79,6,9,4,21,29,33,4
209,1,3996,8,4,1,11,375,11.79,6,9,4,21,29,33,4
267,1,3996,8,4,1,9,505,15.88,6,9,4,21,27,33,4
267,1,3996,8,4,1,9,505,15.88,6,9,4,21,27,33,4
267,1,3996,8,4,1,9,505,15.88,6,9,4,21,27,33,4
267,1,3996,8,4,1,9,505,15.88,6,9,4,21,27,33,4
152,1,4009,6,4,841,10,339,10.63,6,15,2,20,27,33,2
150,2,4164,6,3,1.64,19,430,12.98,6,12,2,19,27,33,4
150,2,4164,6,3,1.64,19,430,12.98,6,12,2,19,27,33,4
150,2,4164,6,3,1.64,19,430,12.98,6,12,2,19,27,33,4
150,2,4164,6,3,1.64,19,430,12.98,6,12,2,19,27,33,4
220,1,4172,8,4,1.11,11,400,12.05,6,13,4,20,29,33,5
220,1,4172,8,4,1.11,11,400,12.05,6,13,4,20,29,33,5
228,1,4172,8,4,1.11,11,410,12.35,6,13,4,20,29,33,5
228,1,4172,8,4,1.11,11,410,12.35,6,13,4,20,29,33,5
250,1,4172,8,4,1.11,11,420,12.65,6,13,4,20,29,33,5
250,1,4172,8,4,1.11,11,420,12.65,6,13,4,20,29,33,5
250,1,4172,8,4,1.11,11,420,12.65,6,13,4,20,29,33,5
250,1,4172,8,4,1.11,11,420,12.65,6,13,4,20,29,33,5
265,1,4172,8,4,1.11,11,430,12.95,6,13,4,20,29,33,5
265,1,4172,8,4,1.11,11,430,12.95,6,13,4,20,29,33,5
200,1,4266,8,4,934,10,390,11.49,6,11,2,19,27,33,3
205,1,4266,8,4,934,10,400,11.78,6,11,2,19,27,33,3
205,1,4266,8,4,934,10,400,11.78,6,11,2,19,27,33,3
205,1,4266,8,4,934,10,400,11.78,6,11,2,19,27,33,3
205,1,4266,8,4,934,10,400,11.78,6,11,2,19,27,33,3
205,1,4266,8,4,934,10,400,11.78,6,11,2,19,27,33,3
205,1,4266,8,4,934,10,400,11.78,6,11,2,19,27,33,3
205,1,4266,8,4,934,10,400,11.78,6,11,2,19,27,33,3
205,1,4266,8,4,934,10,400,11.78,6,11,2,19,27,33,3
210,1,4398,8,4,899,10,440,12.57,6,9,4,21,28,33,4
210,1,4398,8,4,899,10,440,12.57,6,9,4,21,28,33,4
210,1,4398,8,4,899,10,440,12.57,6,9,4,21,29,33,4
210,1,4398,8,4,899,10,440,12.57,6,9,4,21,29,33,4
210,1,4398,8,4,899,10,440,12.57,6,9,4,21,28,33,4
210,1,4398,8,4,899,10,440,12.57,6,9,4,21,28,33,4
210,1,4398,8,4,899,10,440,12.57,6,9,4,21,28,33,4
260,1,4398,8,4,899,9,570,16.29,6,9,4,21,27,33,4
165,1,4552,8,4,872,9,380,10.49,7,15,1,23,0,0,2
205,1,4565,8,4,0.93,10,407,11.2,6,9,4,21,27,33,4
224,1,4565,8,4,0.93,10,400,11.01,6,9,4,21,27,33,4
173,1,4664,8,4,894,10,434,11.69,6,14,4,21,29,33,4
162,1,4698,8,4,0.93,9,390,10.43,6,15,2,19,27,33,2
294,1,4941,8,4,0.947,11,500,12.72,6,11,4,21,28,34,4
294,1,4941,8,4,0.947,11,500,12.72,6,11,4,21,28,34,4
218,1,4966,8,4,866,10,456,11.54,6,11,2,19,27,33,3
218,1,4966,8,4,866,10,456,11.54,6,11,2,19,27,33,3
218,1,4966,8,4,866,10,456,11.54,6,11,2,19,27,33,3
220,1,4966,8,4,866,10,460,11.64,6,11,2,19,27,33,3
225,1,4966,8,4,866,10,460,11.64,6,11,2,19,27,33,3
225,1,4966,8,4,866,10,460,11.64,6,11,2,19,27,33,3
225,1,4966,8,4,866,10,460,11.64,6,11,2,19,27,33,3
225,1,4966,8,4,866,10,460,11.64,6,11,2,19,27,33,3
227,1,4997,8,4,0.957,10,481,12.1,7,15,1,23,0,0,2
227,1,4997,8,4,0.957,10,481,12.1,7,15,1,23,0,0,2
201,1,5327,8,4,958,10,427,10.07,7,15,1,23,27,33,2
260,1,5341,8,4,0.85,10,500,11.76,6,11,2,21,0,0,4
260,1,5341,8,4,0.85,10,500,11.76,6,11,2,21,0,0,4
410,1,5341,8,4,0.85,8,745,17.53,6,11,2,21,0,0,4
240,1,5379,12,4,929,10,490,11.45,6,9,2,20,27,33,2
240,1,5379,12,4,929,10,490,11.45,6,9,2,20,27,33,2
240,1,5379,12,4,929,10,490,11.45,6,9,2,20,27,33,2
255,1,5439,8,4,0.949,11,510,11.78,6,11,2,19,27,33,3
255,1,5439,8,4,0.949,11,510,11.78,6,11,2,19,27,33,3
260,1,5439,8,4,0.949,11,530,12.25,6,11,2,19,27,33,3
260,1,5439,8,4,0.949,11,530,12.25,6,11,2,19,27,33,3
325,1,5474,12,4,852,11,550,12.63,6,12,4,21,27,33,4
325,1,5474,12,4,852,11,550,12.63,6,12,4,21,27,33,4
357,1,5474,12,4,852,11,569,13.06,6,12,4,21,27,33,4
253,1,5665,8,4,929,10,483,10.71,7,15,1,23,27,33,2
253,1,5665,8,4,929,10,483,10.71,7,15,1,23,27,33,2
253,1,5665,8,4,929,10,483,10.71,7,15,1,23,27,33,2
253,1,5665,8,4,929,10,483,10.71,7,15,1,23,27,33,2
390,1,5707,12,4,0.92,10,605,13.32,6,15,4,21,28,33,4
390,1,5707,12,4,0.92,10,605,13.32,6,15,4,21,28,33,4
390,1,5707,12,4,0.92,10,605,13.32,6,15,4,21,28,33,4
270,1,5786,12,4,1.36,10,530,11.51,6,11,2,19,28,34,3
270,1,5786,12,4,1.36,10,530,11.51,6,11,2,19,28,34,3
309,1,5935,12,4,893,10,540,11.43,6,11,4,21,0,0,4
309,1,5935,12,4,893,10,540,11.43,6,11,4,21,0,0,4
309,1,5935,12,4,893,10,540,11.43,6,11,4,21,0,0,4
309,1,5935,12,4,893,10,540,11.43,6,11,4,21,0,0,4
290,1,5987,12,4,0.91,10,570,11.96,6,11,4,21,28,33,4
423,1,5992,12,4,966,11,630,13.21,6,15,4,21,28,33,4
286,1,6750,8,4,951,8,750,13.96,7,16,1,23,0,0,2
286,1,6750,8,4,951,8,750,13.96,7,16,1,23,0,0,2
298,1,6750,8,4,951,8,830,15.45,7,16,1,23,0,0,2
300,1,6750,8,4,951,8,835,15.55,7,16,1,23,0,0,2
312,1,6750,8,4,951,8,875,16.29,7,16,1,23,0,0,2
