"","ConcreteCompressiveStrength","Cement","BlastFurnaceSlag","FlyAsh","Water","Superplasticizer","CoarseAggregate","FineAggregate","Age"
"1",79.99,540,0,0,162,2.5,1040,676,28
"2",61.89,540,0,0,162,2.5,1055,676,28
"3",40.27,332.5,142.5,0,228,0,932,594,270
"4",41.05,332.5,142.5,0,228,0,932,594,365
"5",44.3,198.6,132.4,0,192,0,978.4,825.5,360
"6",47.03,266,114,0,228,0,932,670,90
"7",43.7,380,95,0,228,0,932,594,365
"8",36.45,380,95,0,228,0,932,594,28
"9",45.85,266,114,0,228,0,932,670,28
"10",39.29,475,0,0,228,0,932,594,28
"11",38.07,198.6,132.4,0,192,0,978.4,825.5,90
"12",28.02,198.6,132.4,0,192,0,978.4,825.5,28
"13",43.01,427.5,47.5,0,228,0,932,594,270
"14",42.33,190,190,0,228,0,932,670,90
"15",47.81,304,76,0,228,0,932,670,28
"16",52.91,380,0,0,228,0,932,670,90
"17",39.36,139.6,209.4,0,192,0,1047,806.9,90
"18",56.14,342,38,0,228,0,932,670,365
"19",40.56,380,95,0,228,0,932,594,90
"20",42.62,475,0,0,228,0,932,594,180
"21",41.84,427.5,47.5,0,228,0,932,594,180
"22",28.24,139.6,209.4,0,192,0,1047,806.9,28
"23",8.06,139.6,209.4,0,192,0,1047,806.9,3
"24",44.21,139.6,209.4,0,192,0,1047,806.9,180
"25",52.52,380,0,0,228,0,932,670,365
"26",53.3,380,0,0,228,0,932,670,270
"27",41.15,380,95,0,228,0,932,594,270
"28",52.12,342,38,0,228,0,932,670,180
"29",37.43,427.5,47.5,0,228,0,932,594,28
"30",38.6,475,0,0,228,0,932,594,7
"31",55.26,304,76,0,228,0,932,670,365
"32",52.91,266,114,0,228,0,932,670,365
"33",41.72,198.6,132.4,0,192,0,978.4,825.5,180
"34",42.13,475,0,0,228,0,932,594,270
"35",53.69,190,190,0,228,0,932,670,365
"36",38.41,237.5,237.5,0,228,0,932,594,270
"37",30.08,237.5,237.5,0,228,0,932,594,28
"38",37.72,332.5,142.5,0,228,0,932,594,90
"39",42.23,475,0,0,228,0,932,594,90
"40",36.25,237.5,237.5,0,228,0,932,594,180
"41",50.46,342,38,0,228,0,932,670,90
"42",43.7,427.5,47.5,0,228,0,932,594,365
"43",39,237.5,237.5,0,228,0,932,594,365
"44",53.1,380,0,0,228,0,932,670,180
"45",41.54,427.5,47.5,0,228,0,932,594,90
"46",35.08,427.5,47.5,0,228,0,932,594,7
"47",15.05,349,0,0,192,0,1047,806.9,3
"48",40.76,380,95,0,228,0,932,594,180
"49",26.26,237.5,237.5,0,228,0,932,594,7
"50",32.82,380,95,0,228,0,932,594,7
"51",39.78,332.5,142.5,0,228,0,932,594,180
"52",46.93,190,190,0,228,0,932,670,180
"53",33.12,237.5,237.5,0,228,0,932,594,90
"54",49.19,304,76,0,228,0,932,670,90
"55",14.59,139.6,209.4,0,192,0,1047,806.9,7
"56",14.64,198.6,132.4,0,192,0,978.4,825.5,7
"57",41.93,475,0,0,228,0,932,594,365
"58",9.13,198.6,132.4,0,192,0,978.4,825.5,3
"59",50.95,304,76,0,228,0,932,670,180
"60",33.02,332.5,142.5,0,228,0,932,594,28
"61",54.38,304,76,0,228,0,932,670,270
"62",51.73,266,114,0,228,0,932,670,270
"63",9.87,310,0,0,192,0,971,850.6,3
"64",50.66,190,190,0,228,0,932,670,270
"65",48.7,266,114,0,228,0,932,670,180
"66",55.06,342,38,0,228,0,932,670,270
"67",44.7,139.6,209.4,0,192,0,1047,806.9,360
"68",30.28,332.5,142.5,0,228,0,932,594,7
"69",40.86,190,190,0,228,0,932,670,28
"70",71.99,485,0,0,146,0,1120,800,28
"71",34.4,374,189.2,0,170.1,10.1,926.1,756.7,3
"72",28.8,313.3,262.2,0,175.5,8.6,1046.9,611.8,3
"73",33.4,425,106.3,0,153.5,16.5,852.1,887.1,3
"74",36.3,425,106.3,0,151.4,18.6,936,803.7,3
"75",29,375,93.8,0,126.6,23.4,852.1,992.6,3
"76",37.8,475,118.8,0,181.1,8.9,852.1,781.5,3
"77",40.2,469,117.2,0,137.8,32.2,852.1,840.5,3
"78",33.4,425,106.3,0,153.5,16.5,852.1,887.1,3
"79",28.1,388.6,97.1,0,157.9,12.1,852.1,925.7,3
"80",41.3,531.3,0,0,141.8,28.2,852.1,893.7,3
"81",33.4,425,106.3,0,153.5,16.5,852.1,887.1,3
"82",25.2,318.8,212.5,0,155.7,14.3,852.1,880.4,3
"83",41.1,401.8,94.7,0,147.4,11.4,946.8,852.1,3
"84",35.3,362.6,189,0,164.9,11.6,944.7,755.8,3
"85",28.3,323.7,282.8,0,183.8,10.3,942.7,659.9,3
"86",28.6,379.5,151.2,0,153.9,15.9,1134.3,605,3
"87",35.3,362.6,189,0,164.9,11.6,944.7,755.8,3
"88",24.4,286.3,200.9,0,144.7,11.2,1004.6,803.7,3
"89",35.3,362.6,189,0,164.9,11.6,944.7,755.8,3
"90",39.3,439,177,0,186,11.1,884.9,707.9,3
"91",40.6,389.9,189,0,145.9,22,944.7,755.8,3
"92",35.3,362.6,189,0,164.9,11.6,944.7,755.8,3
"93",24.1,337.9,189,0,174.9,9.5,944.7,755.8,3
"94",46.2,374,189.2,0,170.1,10.1,926.1,756.7,7
"95",42.8,313.3,262.2,0,175.5,8.6,1046.9,611.8,7
"96",49.2,425,106.3,0,153.5,16.5,852.1,887.1,7
"97",46.8,425,106.3,0,151.4,18.6,936,803.7,7
"98",45.7,375,93.8,0,126.6,23.4,852.1,992.6,7
"99",55.6,475,118.8,0,181.1,8.9,852.1,781.5,7
"100",54.9,469,117.2,0,137.8,32.2,852.1,840.5,7
"101",49.2,425,106.3,0,153.5,16.5,852.1,887.1,7
"102",34.9,388.6,97.1,0,157.9,12.1,852.1,925.7,7
"103",46.9,531.3,0,0,141.8,28.2,852.1,893.7,7
"104",49.2,425,106.3,0,153.5,16.5,852.1,887.1,7
"105",33.4,318.8,212.5,0,155.7,14.3,852.1,880.4,7
"106",54.1,401.8,94.7,0,147.4,11.4,946.8,852.1,7
"107",55.9,362.6,189,0,164.9,11.6,944.7,755.8,7
"108",49.8,323.7,282.8,0,183.8,10.3,942.7,659.9,7
"109",47.1,379.5,151.2,0,153.9,15.9,1134.3,605,7
"110",55.9,362.6,189,0,164.9,11.6,944.7,755.8,7
"111",38,286.3,200.9,0,144.7,11.2,1004.6,803.7,7
"112",55.9,362.6,189,0,164.9,11.6,944.7,755.8,7
"113",56.1,439,177,0,186,11.1,884.9,707.9,7
"114",59.09,389.9,189,0,145.9,22,944.7,755.8,7
"115",22.9,362.6,189,0,164.9,11.6,944.7,755.8,7
"116",35.1,337.9,189,0,174.9,9.5,944.7,755.8,7
"117",61.09,374,189.2,0,170.1,10.1,926.1,756.7,28
"118",59.8,313.3,262.2,0,175.5,8.6,1046.9,611.8,28
"119",60.29,425,106.3,0,153.5,16.5,852.1,887.1,28
"120",61.8,425,106.3,0,151.4,18.6,936,803.7,28
"121",56.7,375,93.8,0,126.6,23.4,852.1,992.6,28
"122",68.3,475,118.8,0,181.1,8.9,852.1,781.5,28
"123",66.9,469,117.2,0,137.8,32.2,852.1,840.5,28
"124",60.29,425,106.3,0,153.5,16.5,852.1,887.1,28
"125",50.7,388.6,97.1,0,157.9,12.1,852.1,925.7,28
"126",56.4,531.3,0,0,141.8,28.2,852.1,893.7,28
"127",60.29,425,106.3,0,153.5,16.5,852.1,887.1,28
"128",55.5,318.8,212.5,0,155.7,14.3,852.1,880.4,28
"129",68.5,401.8,94.7,0,147.4,11.4,946.8,852.1,28
"130",71.3,362.6,189,0,164.9,11.6,944.7,755.8,28
"131",74.7,323.7,282.8,0,183.8,10.3,942.7,659.9,28
"132",52.2,379.5,151.2,0,153.9,15.9,1134.3,605,28
"133",71.3,362.6,189,0,164.9,11.6,944.7,755.8,28
"134",67.7,286.3,200.9,0,144.7,11.2,1004.6,803.7,28
"135",71.3,362.6,189,0,164.9,11.6,944.7,755.8,28
"136",66,439,177,0,186,11.1,884.9,707.9,28
"137",74.5,389.9,189,0,145.9,22,944.7,755.8,28
"138",71.3,362.6,189,0,164.9,11.6,944.7,755.8,28
"139",49.9,337.9,189,0,174.9,9.5,944.7,755.8,28
"140",63.4,374,189.2,0,170.1,10.1,926.1,756.7,56
"141",64.9,313.3,262.2,0,175.5,8.6,1046.9,611.8,56
"142",64.3,425,106.3,0,153.5,16.5,852.1,887.1,56
"143",64.9,425,106.3,0,151.4,18.6,936,803.7,56
"144",60.2,375,93.8,0,126.6,23.4,852.1,992.6,56
"145",72.3,475,118.8,0,181.1,8.9,852.1,781.5,56
"146",69.3,469,117.2,0,137.8,32.2,852.1,840.5,56
"147",64.3,425,106.3,0,153.5,16.5,852.1,887.1,56
"148",55.2,388.6,97.1,0,157.9,12.1,852.1,925.7,56
"149",58.8,531.3,0,0,141.8,28.2,852.1,893.7,56
"150",64.3,425,106.3,0,153.5,16.5,852.1,887.1,56
"151",66.1,318.8,212.5,0,155.7,14.3,852.1,880.4,56
"152",73.7,401.8,94.7,0,147.4,11.4,946.8,852.1,56
"153",77.3,362.6,189,0,164.9,11.6,944.7,755.8,56
"154",80.2,323.7,282.8,0,183.8,10.3,942.7,659.9,56
"155",54.9,379.5,151.2,0,153.9,15.9,1134.3,605,56
"156",77.3,362.6,189,0,164.9,11.6,944.7,755.8,56
"157",72.99,286.3,200.9,0,144.7,11.2,1004.6,803.7,56
"158",77.3,362.6,189,0,164.9,11.6,944.7,755.8,56
"159",71.7,439,177,0,186,11.1,884.9,707.9,56
"160",79.4,389.9,189,0,145.9,22,944.7,755.8,56
"161",77.3,362.6,189,0,164.9,11.6,944.7,755.8,56
"162",59.89,337.9,189,0,174.9,9.5,944.7,755.8,56
"163",64.9,374,189.2,0,170.1,10.1,926.1,756.7,91
"164",66.6,313.3,262.2,0,175.5,8.6,1046.9,611.8,91
"165",65.2,425,106.3,0,153.5,16.5,852.1,887.1,91
"166",66.7,425,106.3,0,151.4,18.6,936,803.7,91
"167",62.5,375,93.8,0,126.6,23.4,852.1,992.6,91
"168",74.19,475,118.8,0,181.1,8.9,852.1,781.5,91
"169",70.7,469,117.2,0,137.8,32.2,852.1,840.5,91
"170",65.2,425,106.3,0,153.5,16.5,852.1,887.1,91
"171",57.6,388.6,97.1,0,157.9,12.1,852.1,925.7,91
"172",59.2,531.3,0,0,141.8,28.2,852.1,893.7,91
"173",65.2,425,106.3,0,153.5,16.5,852.1,887.1,91
"174",68.1,318.8,212.5,0,155.7,14.3,852.1,880.4,91
"175",75.5,401.8,94.7,0,147.4,11.4,946.8,852.1,91
"176",79.3,362.6,189,0,164.9,11.6,944.7,755.8,91
"177",56.5,379.5,151.2,0,153.9,15.9,1134.3,605,91
"178",79.3,362.6,189,0,164.9,11.6,944.7,755.8,91
"179",76.8,286.3,200.9,0,144.7,11.2,1004.6,803.7,91
"180",79.3,362.6,189,0,164.9,11.6,944.7,755.8,91
"181",73.3,439,177,0,186,11.1,884.9,707.9,91
"182",82.6,389.9,189,0,145.9,22,944.7,755.8,91
"183",79.3,362.6,189,0,164.9,11.6,944.7,755.8,91
"184",67.8,337.9,189,0,174.9,9.5,944.7,755.8,91
"185",11.58,222.4,0,96.7,189.3,4.5,967.1,870.3,3
"186",24.45,222.4,0,96.7,189.3,4.5,967.1,870.3,14
"187",24.89,222.4,0,96.7,189.3,4.5,967.1,870.3,28
"188",29.45,222.4,0,96.7,189.3,4.5,967.1,870.3,56
"189",40.71,222.4,0,96.7,189.3,4.5,967.1,870.3,100
"190",10.38,233.8,0,94.6,197.9,4.6,947,852.2,3
"191",22.14,233.8,0,94.6,197.9,4.6,947,852.2,14
"192",22.84,233.8,0,94.6,197.9,4.6,947,852.2,28
"193",27.66,233.8,0,94.6,197.9,4.6,947,852.2,56
"194",34.56,233.8,0,94.6,197.9,4.6,947,852.2,100
"195",12.45,194.7,0,100.5,165.6,7.5,1006.4,905.9,3
"196",24.99,194.7,0,100.5,165.6,7.5,1006.4,905.9,14
"197",25.72,194.7,0,100.5,165.6,7.5,1006.4,905.9,28
"198",33.96,194.7,0,100.5,165.6,7.5,1006.4,905.9,56
"199",37.34,194.7,0,100.5,165.6,7.5,1006.4,905.9,100
"200",15.04,190.7,0,125.4,162.1,7.8,1090,804,3
"201",21.06,190.7,0,125.4,162.1,7.8,1090,804,14
"202",26.4,190.7,0,125.4,162.1,7.8,1090,804,28
"203",35.34,190.7,0,125.4,162.1,7.8,1090,804,56
"204",40.57,190.7,0,125.4,162.1,7.8,1090,804,100
"205",12.47,212.1,0,121.6,180.3,5.7,1057.6,779.3,3
"206",20.92,212.1,0,121.6,180.3,5.7,1057.6,779.3,14
"207",24.9,212.1,0,121.6,180.3,5.7,1057.6,779.3,28
"208",34.2,212.1,0,121.6,180.3,5.7,1057.6,779.3,56
"209",39.61,212.1,0,121.6,180.3,5.7,1057.6,779.3,100
"210",10.03,230,0,118.3,195.5,4.6,1029.4,758.6,3
"211",20.08,230,0,118.3,195.5,4.6,1029.4,758.6,14
"212",24.48,230,0,118.3,195.5,4.6,1029.4,758.6,28
"213",31.54,230,0,118.3,195.5,4.6,1029.4,758.6,56
"214",35.34,230,0,118.3,195.5,4.6,1029.4,758.6,100
"215",9.45,190.3,0,125.2,161.9,9.9,1088.1,802.6,3
"216",22.72,190.3,0,125.2,161.9,9.9,1088.1,802.6,14
"217",28.47,190.3,0,125.2,161.9,9.9,1088.1,802.6,28
"218",38.56,190.3,0,125.2,161.9,9.9,1088.1,802.6,56
"219",40.39,190.3,0,125.2,161.9,9.9,1088.1,802.6,100
"220",10.76,166.1,0,163.3,176.5,4.5,1058.6,780.1,3
"221",25.48,166.1,0,163.3,176.5,4.5,1058.6,780.1,14
"222",21.54,166.1,0,163.3,176.5,4.5,1058.6,780.1,28
"223",28.63,166.1,0,163.3,176.5,4.5,1058.6,780.1,56
"224",33.54,166.1,0,163.3,176.5,4.5,1058.6,780.1,100
"225",7.75,168,42.1,163.8,121.8,5.7,1058.7,780.1,3
"226",17.82,168,42.1,163.8,121.8,5.7,1058.7,780.1,14
"227",24.24,168,42.1,163.8,121.8,5.7,1058.7,780.1,28
"228",32.85,168,42.1,163.8,121.8,5.7,1058.7,780.1,56
"229",39.23,168,42.1,163.8,121.8,5.7,1058.7,780.1,100
"230",18,213.7,98.1,24.5,181.7,6.9,1065.8,785.4,3
"231",30.39,213.7,98.1,24.5,181.7,6.9,1065.8,785.4,14
"232",45.71,213.7,98.1,24.5,181.7,6.9,1065.8,785.4,28
"233",50.77,213.7,98.1,24.5,181.7,6.9,1065.8,785.4,56
"234",53.9,213.7,98.1,24.5,181.7,6.9,1065.8,785.4,100
"235",13.18,213.8,98.1,24.5,181.7,6.7,1066,785.5,3
"236",17.84,213.8,98.1,24.5,181.7,6.7,1066,785.5,14
"237",40.23,213.8,98.1,24.5,181.7,6.7,1066,785.5,28
"238",47.13,213.8,98.1,24.5,181.7,6.7,1066,785.5,56
"239",49.97,213.8,98.1,24.5,181.7,6.7,1066,785.5,100
"240",13.36,229.7,0,118.2,195.2,6.1,1028.1,757.6,3
"241",22.32,229.7,0,118.2,195.2,6.1,1028.1,757.6,14
"242",24.54,229.7,0,118.2,195.2,6.1,1028.1,757.6,28
"243",31.35,229.7,0,118.2,195.2,6.1,1028.1,757.6,56
"244",40.86,229.7,0,118.2,195.2,6.1,1028.1,757.6,100
"245",19.93,238.1,0,94.1,186.7,7,949.9,847,3
"246",25.69,238.1,0,94.1,186.7,7,949.9,847,14
"247",30.23,238.1,0,94.1,186.7,7,949.9,847,28
"248",39.59,238.1,0,94.1,186.7,7,949.9,847,56
"249",44.3,238.1,0,94.1,186.7,7,949.9,847,100
"250",13.82,250,0,95.7,187.4,5.5,956.9,861.2,3
"251",24.92,250,0,95.7,187.4,5.5,956.9,861.2,14
"252",29.22,250,0,95.7,187.4,5.5,956.9,861.2,28
"253",38.33,250,0,95.7,187.4,5.5,956.9,861.2,56
"254",42.35,250,0,95.7,187.4,5.5,956.9,861.2,100
"255",13.54,212.5,0,100.4,159.3,8.7,1007.8,903.6,3
"256",26.31,212.5,0,100.4,159.3,8.7,1007.8,903.6,14
"257",31.64,212.5,0,100.4,159.3,8.7,1007.8,903.6,28
"258",42.55,212.5,0,100.4,159.3,8.7,1007.8,903.6,56
"259",42.92,212.5,0,100.4,159.3,8.7,1007.8,903.6,100
"260",13.33,212.6,0,100.4,159.4,10.4,1003.8,903.8,3
"261",25.37,212.6,0,100.4,159.4,10.4,1003.8,903.8,14
"262",37.4,212.6,0,100.4,159.4,10.4,1003.8,903.8,28
"263",44.4,212.6,0,100.4,159.4,10.4,1003.8,903.8,56
"264",47.74,212.6,0,100.4,159.4,10.4,1003.8,903.8,100
"265",19.52,212,0,124.8,159,7.8,1085.4,799.5,3
"266",31.35,212,0,124.8,159,7.8,1085.4,799.5,14
"267",38.5,212,0,124.8,159,7.8,1085.4,799.5,28
"268",45.08,212,0,124.8,159,7.8,1085.4,799.5,56
"269",47.82,212,0,124.8,159,7.8,1085.4,799.5,100
"270",15.44,231.8,0,121.6,174,6.7,1056.4,778.5,3
"271",26.77,231.8,0,121.6,174,6.7,1056.4,778.5,14
"272",33.73,231.8,0,121.6,174,6.7,1056.4,778.5,28
"273",42.7,231.8,0,121.6,174,6.7,1056.4,778.5,56
"274",45.84,231.8,0,121.6,174,6.7,1056.4,778.5,100
"275",17.22,251.4,0,118.3,188.5,5.8,1028.4,757.7,3
"276",29.93,251.4,0,118.3,188.5,5.8,1028.4,757.7,14
"277",29.65,251.4,0,118.3,188.5,5.8,1028.4,757.7,28
"278",36.97,251.4,0,118.3,188.5,5.8,1028.4,757.7,56
"279",43.58,251.4,0,118.3,188.5,5.8,1028.4,757.7,100
"280",13.12,251.4,0,118.3,188.5,6.4,1028.4,757.7,3
"281",24.43,251.4,0,118.3,188.5,6.4,1028.4,757.7,14
"282",32.66,251.4,0,118.3,188.5,6.4,1028.4,757.7,28
"283",36.64,251.4,0,118.3,188.5,6.4,1028.4,757.7,56
"284",44.21,251.4,0,118.3,188.5,6.4,1028.4,757.7,100
"285",13.62,181.4,0,167,169.6,7.6,1055.6,777.8,3
"286",21.6,181.4,0,167,169.6,7.6,1055.6,777.8,14
"287",27.77,181.4,0,167,169.6,7.6,1055.6,777.8,28
"288",35.57,181.4,0,167,169.6,7.6,1055.6,777.8,56
"289",45.37,181.4,0,167,169.6,7.6,1055.6,777.8,100
"290",7.32,182,45.2,122,170.2,8.2,1059.4,780.7,3
"291",21.5,182,45.2,122,170.2,8.2,1059.4,780.7,14
"292",31.27,182,45.2,122,170.2,8.2,1059.4,780.7,28
"293",43.5,182,45.2,122,170.2,8.2,1059.4,780.7,56
"294",48.67,182,45.2,122,170.2,8.2,1059.4,780.7,100
"295",7.4,168.9,42.2,124.3,158.3,10.8,1080.8,796.2,3
"296",23.51,168.9,42.2,124.3,158.3,10.8,1080.8,796.2,14
"297",31.12,168.9,42.2,124.3,158.3,10.8,1080.8,796.2,28
"298",39.15,168.9,42.2,124.3,158.3,10.8,1080.8,796.2,56
"299",48.15,168.9,42.2,124.3,158.3,10.8,1080.8,796.2,100
"300",22.5,290.4,0,96.2,168.1,9.4,961.2,865,3
"301",34.67,290.4,0,96.2,168.1,9.4,961.2,865,14
"302",34.74,290.4,0,96.2,168.1,9.4,961.2,865,28
"303",45.08,290.4,0,96.2,168.1,9.4,961.2,865,56
"304",48.97,290.4,0,96.2,168.1,9.4,961.2,865,100
"305",23.14,277.1,0,97.4,160.6,11.8,973.9,875.6,3
"306",41.89,277.1,0,97.4,160.6,11.8,973.9,875.6,14
"307",48.28,277.1,0,97.4,160.6,11.8,973.9,875.6,28
"308",51.04,277.1,0,97.4,160.6,11.8,973.9,875.6,56
"309",55.64,277.1,0,97.4,160.6,11.8,973.9,875.6,100
"310",22.95,295.7,0,95.6,171.5,8.9,955.1,859.2,3
"311",35.23,295.7,0,95.6,171.5,8.9,955.1,859.2,14
"312",39.94,295.7,0,95.6,171.5,8.9,955.1,859.2,28
"313",48.72,295.7,0,95.6,171.5,8.9,955.1,859.2,56
"314",52.04,295.7,0,95.6,171.5,8.9,955.1,859.2,100
"315",21.02,251.8,0,99.9,146.1,12.4,1006,899.8,3
"316",33.36,251.8,0,99.9,146.1,12.4,1006,899.8,14
"317",33.94,251.8,0,99.9,146.1,12.4,1006,899.8,28
"318",44.14,251.8,0,99.9,146.1,12.4,1006,899.8,56
"319",45.37,251.8,0,99.9,146.1,12.4,1006,899.8,100
"320",15.36,249.1,0,98.8,158.1,12.8,987.8,889,3
"321",28.68,249.1,0,98.8,158.1,12.8,987.8,889,14
"322",30.85,249.1,0,98.8,158.1,12.8,987.8,889,28
"323",42.03,249.1,0,98.8,158.1,12.8,987.8,889,56
"324",51.06,249.1,0,98.8,158.1,12.8,987.8,889,100
"325",21.78,252.3,0,98.8,146.3,14.2,987.8,889,3
"326",42.29,252.3,0,98.8,146.3,14.2,987.8,889,14
"327",50.6,252.3,0,98.8,146.3,14.2,987.8,889,28
"328",55.83,252.3,0,98.8,146.3,14.2,987.8,889,56
"329",60.95,252.3,0,98.8,146.3,14.2,987.8,889,100
"330",23.52,246.8,0,125.1,143.3,12,1086.8,800.9,3
"331",42.22,246.8,0,125.1,143.3,12,1086.8,800.9,14
"332",52.5,246.8,0,125.1,143.3,12,1086.8,800.9,28
"333",60.32,246.8,0,125.1,143.3,12,1086.8,800.9,56
"334",66.42,246.8,0,125.1,143.3,12,1086.8,800.9,100
"335",23.8,275.1,0,121.4,159.5,9.9,1053.6,777.5,3
"336",38.77,275.1,0,121.4,159.5,9.9,1053.6,777.5,14
"337",51.33,275.1,0,121.4,159.5,9.9,1053.6,777.5,28
"338",56.85,275.1,0,121.4,159.5,9.9,1053.6,777.5,56
"339",58.61,275.1,0,121.4,159.5,9.9,1053.6,777.5,100
"340",21.91,297.2,0,117.5,174.8,9.5,1022.8,753.5,3
"341",36.99,297.2,0,117.5,174.8,9.5,1022.8,753.5,14
"342",47.4,297.2,0,117.5,174.8,9.5,1022.8,753.5,28
"343",51.96,297.2,0,117.5,174.8,9.5,1022.8,753.5,56
"344",56.74,297.2,0,117.5,174.8,9.5,1022.8,753.5,100
"345",17.57,213.7,0,174.7,154.8,10.2,1053.5,776.4,3
"346",33.73,213.7,0,174.7,154.8,10.2,1053.5,776.4,14
"347",40.15,213.7,0,174.7,154.8,10.2,1053.5,776.4,28
"348",46.64,213.7,0,174.7,154.8,10.2,1053.5,776.4,56
"349",50.08,213.7,0,174.7,154.8,10.2,1053.5,776.4,100
"350",17.37,213.5,0,174.2,154.6,11.7,1052.3,775.5,3
"351",33.7,213.5,0,174.2,154.6,11.7,1052.3,775.5,14
"352",45.94,213.5,0,174.2,154.6,11.7,1052.3,775.5,28
"353",51.43,213.5,0,174.2,154.6,11.7,1052.3,775.5,56
"354",59.3,213.5,0,174.2,154.6,11.7,1052.3,775.5,100
"355",30.45,277.2,97.8,24.5,160.7,11.2,1061.7,782.5,3
"356",47.71,277.2,97.8,24.5,160.7,11.2,1061.7,782.5,14
"357",63.14,277.2,97.8,24.5,160.7,11.2,1061.7,782.5,28
"358",66.82,277.2,97.8,24.5,160.7,11.2,1061.7,782.5,56
"359",66.95,277.2,97.8,24.5,160.7,11.2,1061.7,782.5,100
"360",27.42,218.2,54.6,123.8,140.8,11.9,1075.7,792.7,3
"361",35.96,218.2,54.6,123.8,140.8,11.9,1075.7,792.7,14
"362",55.51,218.2,54.6,123.8,140.8,11.9,1075.7,792.7,28
"363",61.99,218.2,54.6,123.8,140.8,11.9,1075.7,792.7,56
"364",63.53,218.2,54.6,123.8,140.8,11.9,1075.7,792.7,100
"365",18.02,214.9,53.8,121.9,155.6,9.6,1014.3,780.6,3
"366",38.6,214.9,53.8,121.9,155.6,9.6,1014.3,780.6,14
"367",52.2,214.9,53.8,121.9,155.6,9.6,1014.3,780.6,28
"368",53.96,214.9,53.8,121.9,155.6,9.6,1014.3,780.6,56
"369",56.63,214.9,53.8,121.9,155.6,9.6,1014.3,780.6,100
"370",15.34,218.9,0,124.1,158.5,11.3,1078.7,794.9,3
"371",26.05,218.9,0,124.1,158.5,11.3,1078.7,794.9,14
"372",30.22,218.9,0,124.1,158.5,11.3,1078.7,794.9,28
"373",37.27,218.9,0,124.1,158.5,11.3,1078.7,794.9,56
"374",46.23,218.9,0,124.1,158.5,11.3,1078.7,794.9,100
"375",16.28,376,0,0,214.6,0,1003.5,762.4,3
"376",25.62,376,0,0,214.6,0,1003.5,762.4,14
"377",31.97,376,0,0,214.6,0,1003.5,762.4,28
"378",36.3,376,0,0,214.6,0,1003.5,762.4,56
"379",43.06,376,0,0,214.6,0,1003.5,762.4,100
"380",67.57,500,0,0,140,4,966,853,28
"381",57.23,475,0,59,142,1.9,1098,641,28
"382",81.75,315,137,0,145,5.9,1130,745,28
"383",64.02,505,0,60,195,0,1030,630,28
"384",78.8,451,0,0,165,11.3,1030,745,28
"385",41.37,516,0,0,162,8.2,801,802,28
"386",60.28,520,0,0,170,5.2,855,855,28
"387",56.83,528,0,0,185,6.9,920,720,28
"388",51.02,520,0,0,175,5.2,870,805,28
"389",55.55,385,0,136,158,20,903,768,28
"390",44.13,500.1,0,0,200,3,1124.4,613.2,28
"391",39.38,450.1,50,0,200,3,1124.4,613.2,28
"392",55.65,397,17.2,158,167,20.8,967,633,28
"393",47.28,333,17.5,163,167,17.9,996,652,28
"394",44.33,334,17.6,158,189,15.3,967,633,28
"395",52.3,405,0,0,175,0,1120,695,28
"396",49.25,200,200,0,190,0,1145,660,28
"397",41.37,516,0,0,162,8.3,801,802,28
"398",29.16,145,116,119,184,5.7,833,880,28
"399",39.4,160,128,122,182,6.4,824,879,28
"400",39.3,234,156,0,189,5.9,981,760,28
"401",67.87,250,180,95,159,9.5,860,800,28
"402",58.52,475,0,0,162,9.5,1044,662,28
"403",53.58,285,190,0,163,7.6,1031,685,28
"404",59,356,119,0,160,9,1061,657,28
"405",76.24,275,180,120,162,10.4,830,765,28
"406",69.84,500,0,0,151,9,1033,655,28
"407",14.4,165,0,143.6,163.8,0,1005.6,900.9,3
"408",19.42,165,128.5,132.1,175.1,8.1,1005.8,746.6,3
"409",20.73,178,129.8,118.6,179.9,3.6,1007.3,746.8,3
"410",14.94,167.4,129.9,128.6,175.5,7.8,1006.3,746.6,3
"411",21.29,172.4,13.6,172.4,156.8,4.1,1006.3,856.4,3
"412",23.08,173.5,50.1,173.5,164.8,6.5,1006.2,793.5,3
"413",15.52,167,75.4,167,164,7.9,1007.3,770.1,3
"414",15.82,173.8,93.4,159.9,172.3,9.7,1007.2,746.6,3
"415",12.55,190.3,0,125.2,166.6,9.9,1079,798.9,3
"416",8.49,250,0,95.7,191.8,5.3,948.9,857.2,3
"417",15.61,213.5,0,174.2,159.2,11.7,1043.6,771.9,3
"418",12.18,194.7,0,100.5,170.2,7.5,998,901.8,3
"419",11.98,251.4,0,118.3,192.9,5.8,1043.6,754.3,3
"420",16.88,165,0,143.6,163.8,0,1005.6,900.9,14
"421",33.09,165,128.5,132.1,175.1,8.1,1005.8,746.6,14
"422",34.24,178,129.8,118.6,179.9,3.6,1007.3,746.8,14
"423",31.81,167.4,129.9,128.6,175.5,7.8,1006.3,746.6,14
"424",29.75,172.4,13.6,172.4,156.8,4.1,1006.3,856.4,14
"425",33.01,173.5,50.1,173.5,164.8,6.5,1006.2,793.5,14
"426",32.9,167,75.4,167,164,7.9,1007.3,770.1,14
"427",29.55,173.8,93.4,159.9,172.3,9.7,1007.2,746.6,14
"428",19.42,190.3,0,125.2,166.6,9.9,1079,798.9,14
"429",24.66,250,0,95.7,191.8,5.3,948.9,857.2,14
"430",29.59,213.5,0,174.2,159.2,11.7,1043.6,771.9,14
"431",24.28,194.7,0,100.5,170.2,7.5,998,901.8,14
"432",20.73,251.4,0,118.3,192.9,5.8,1043.6,754.3,14
"433",26.2,165,0,143.6,163.8,0,1005.6,900.9,28
"434",46.39,165,128.5,132.1,175.1,8.1,1005.8,746.6,28
"435",39.16,178,129.8,118.6,179.9,3.6,1007.3,746.8,28
"436",41.2,167.4,129.9,128.6,175.5,7.8,1006.3,746.6,28
"437",33.69,172.4,13.6,172.4,156.8,4.1,1006.3,856.4,28
"438",38.2,173.5,50.1,173.5,164.8,6.5,1006.2,793.5,28
"439",41.41,167,75.4,167,164,7.9,1007.3,770.1,28
"440",37.81,173.8,93.4,159.9,172.3,9.7,1007.2,746.6,28
"441",24.85,190.3,0,125.2,166.6,9.9,1079,798.9,28
"442",27.22,250,0,95.7,191.8,5.3,948.9,857.2,28
"443",44.64,213.5,0,174.2,159.2,11.7,1043.6,771.9,28
"444",37.27,194.7,0,100.5,170.2,7.5,998,901.8,28
"445",33.27,251.4,0,118.3,192.9,5.8,1043.6,754.3,28
"446",36.56,165,0,143.6,163.8,0,1005.6,900.9,56
"447",53.72,165,128.5,132.1,175.1,8.1,1005.8,746.6,56
"448",48.59,178,129.8,118.6,179.9,3.6,1007.3,746.8,56
"449",51.72,167.4,129.9,128.6,175.5,7.8,1006.3,746.6,56
"450",35.85,172.4,13.6,172.4,156.8,4.1,1006.3,856.4,56
"451",53.77,173.5,50.1,173.5,164.8,6.5,1006.2,793.5,56
"452",53.46,167,75.4,167,164,7.9,1007.3,770.1,56
"453",48.99,173.8,93.4,159.9,172.3,9.7,1007.2,746.6,56
"454",31.72,190.3,0,125.2,166.6,9.9,1079,798.9,56
"455",39.64,250,0,95.7,191.8,5.3,948.9,857.2,56
"456",51.26,213.5,0,174.2,159.2,11.7,1043.6,771.9,56
"457",43.39,194.7,0,100.5,170.2,7.5,998,901.8,56
"458",39.27,251.4,0,118.3,192.9,5.8,1043.6,754.3,56
"459",37.96,165,0,143.6,163.8,0,1005.6,900.9,100
"460",55.02,165,128.5,132.1,175.1,8.1,1005.8,746.6,100
"461",49.99,178,129.8,118.6,179.9,3.6,1007.3,746.8,100
"462",53.66,167.4,129.9,128.6,175.5,7.8,1006.3,746.6,100
"463",37.68,172.4,13.6,172.4,156.8,4.1,1006.3,856.4,100
"464",56.06,173.5,50.1,173.5,164.8,6.5,1006.2,793.5,100
"465",56.81,167,75.4,167,164,7.9,1007.3,770.1,100
"466",50.94,173.8,93.4,159.9,172.3,9.7,1007.2,746.6,100
"467",33.56,190.3,0,125.2,166.6,9.9,1079,798.9,100
"468",41.16,250,0,95.7,191.8,5.3,948.9,857.2,100
"469",52.96,213.5,0,174.2,159.2,11.7,1043.6,771.9,100
"470",44.28,194.7,0,100.5,170.2,7.5,998,901.8,100
"471",40.15,251.4,0,118.3,192.9,5.8,1043.6,754.3,100
"472",57.03,446,24,79,162,11.6,967,712,28
"473",44.42,446,24,79,162,11.6,967,712,28
"474",51.02,446,24,79,162,11.6,967,712,28
"475",53.39,446,24,79,162,10.3,967,712,28
"476",35.36,446,24,79,162,11.6,967,712,3
"477",25.02,446,24,79,162,11.6,967,712,3
"478",23.35,446,24,79,162,11.6,967,712,3
"479",52.01,446,24,79,162,11.6,967,712,7
"480",38.02,446,24,79,162,11.6,967,712,7
"481",39.3,446,24,79,162,11.6,967,712,7
"482",61.07,446,24,79,162,11.6,967,712,56
"483",56.14,446,24,79,162,11.6,967,712,56
"484",55.25,446,24,79,162,11.6,967,712,56
"485",54.77,446,24,79,162,10.3,967,712,56
"486",50.24,387,20,94,157,14.3,938,845,28
"487",46.68,387,20,94,157,13.9,938,845,28
"488",46.68,387,20,94,157,11.6,938,845,28
"489",22.75,387,20,94,157,14.3,938,845,3
"490",25.51,387,20,94,157,13.9,938,845,3
"491",34.77,387,20,94,157,11.6,938,845,3
"492",36.84,387,20,94,157,14.3,938,845,7
"493",45.9,387,20,94,157,13.9,938,845,7
"494",41.67,387,20,94,157,11.6,938,845,7
"495",56.34,387,20,94,157,14.3,938,845,56
"496",47.97,387,20,94,157,13.9,938,845,56
"497",61.46,387,20,94,157,11.6,938,845,56
"498",44.03,355,19,97,145,13.1,967,871,28
"499",55.45,355,19,97,145,12.3,967,871,28
"500",55.55,491,26,123,210,3.9,882,699,28
"501",57.92,491,26,123,201,3.9,822,699,28
"502",25.61,491,26,123,210,3.9,882,699,3
"503",33.49,491,26,123,210,3.9,882,699,7
"504",59.59,491,26,123,210,3.9,882,699,56
"505",29.55,491,26,123,201,3.9,822,699,3
"506",37.92,491,26,123,201,3.9,822,699,7
"507",61.86,491,26,123,201,3.9,822,699,56
"508",62.05,424,22,132,178,8.5,822,750,28
"509",32.01,424,22,132,178,8.5,882,750,3
"510",72.1,424,22,132,168,8.9,822,750,28
"511",39,424,22,132,178,8.5,822,750,7
"512",65.7,424,22,132,178,8.5,822,750,56
"513",32.11,424,22,132,168,8.9,822,750,3
"514",40.29,424,22,132,168,8.9,822,750,7
"515",74.36,424,22,132,168,8.9,822,750,56
"516",21.97,202,11,141,206,1.7,942,801,28
"517",9.85,202,11,141,206,1.7,942,801,3
"518",15.07,202,11,141,206,1.7,942,801,7
"519",23.25,202,11,141,206,1.7,942,801,56
"520",43.73,284,15,141,179,5.5,842,801,28
"521",13.4,284,15,141,179,5.5,842,801,3
"522",24.13,284,15,141,179,5.5,842,801,7
"523",44.52,284,15,141,179,5.5,842,801,56
"524",62.94,359,19,141,154,10.9,942,801,28
"525",59.49,359,19,141,154,10.9,942,801,28
"526",25.12,359,19,141,154,10.9,942,801,3
"527",23.64,359,19,141,154,10.9,942,801,3
"528",35.75,359,19,141,154,10.9,942,801,7
"529",38.61,359,19,141,154,10.9,942,801,7
"530",68.75,359,19,141,154,10.9,942,801,56
"531",66.78,359,19,141,154,10.9,942,801,56
"532",23.85,436,0,0,218,0,838.4,719.7,28
"533",32.07,289,0,0,192,0,913.2,895.3,90
"534",11.65,289,0,0,192,0,913.2,895.3,3
"535",19.2,393,0,0,192,0,940.6,785.6,3
"536",48.85,393,0,0,192,0,940.6,785.6,90
"537",39.6,393,0,0,192,0,940.6,785.6,28
"538",43.94,480,0,0,192,0,936.2,712.2,28
"539",34.57,480,0,0,192,0,936.2,712.2,7
"540",54.32,480,0,0,192,0,936.2,712.2,90
"541",24.4,480,0,0,192,0,936.2,712.2,3
"542",15.62,333,0,0,192,0,931.2,842.6,3
"543",21.86,255,0,0,192,0,889.8,945,90
"544",10.22,255,0,0,192,0,889.8,945,7
"545",14.6,289,0,0,192,0,913.2,895.3,7
"546",18.75,255,0,0,192,0,889.8,945,28
"547",31.97,333,0,0,192,0,931.2,842.6,28
"548",23.4,333,0,0,192,0,931.2,842.6,7
"549",25.57,289,0,0,192,0,913.2,895.3,28
"550",41.68,333,0,0,192,0,931.2,842.6,90
"551",27.74,393,0,0,192,0,940.6,785.6,7
"552",8.2,255,0,0,192,0,889.8,945,3
"553",9.62,158.8,238.2,0,185.7,0,1040.6,734.3,7
"554",25.42,239.6,359.4,0,185.7,0,941.6,664.3,7
"555",15.69,238.2,158.8,0,185.7,0,1040.6,734.3,7
"556",27.94,181.9,272.8,0,185.7,0,1012.4,714.3,28
"557",32.63,193.5,290.2,0,185.7,0,998.2,704.3,28
"558",17.24,255.5,170.3,0,185.7,0,1026.6,724.3,7
"559",19.77,272.8,181.9,0,185.7,0,1012.4,714.3,7
"560",39.44,239.6,359.4,0,185.7,0,941.6,664.3,28
"561",25.75,220.8,147.2,0,185.7,0,1055,744.3,28
"562",33.08,397,0,0,185.7,0,1040.6,734.3,28
"563",24.07,382.5,0,0,185.7,0,1047.8,739.3,7
"564",21.82,210.7,316.1,0,185.7,0,977,689.3,7
"565",21.07,158.8,238.2,0,185.7,0,1040.6,734.3,28
"566",14.84,295.8,0,0,185.7,0,1091.4,769.3,7
"567",32.05,255.5,170.3,0,185.7,0,1026.6,724.3,28
"568",11.96,203.5,135.7,0,185.7,0,1076.2,759.3,7
"569",25.45,397,0,0,185.7,0,1040.6,734.3,7
"570",22.49,381.4,0,0,185.7,0,1104.6,784.3,28
"571",25.22,295.8,0,0,185.7,0,1091.4,769.3,28
"572",39.7,228,342.1,0,185.7,0,955.8,674.3,28
"573",13.09,220.8,147.2,0,185.7,0,1055,744.3,7
"574",38.7,316.1,210.7,0,185.7,0,977,689.3,28
"575",7.51,135.7,203.5,0,185.7,0,1076.2,759.3,7
"576",17.58,238.1,0,0,185.7,0,1118.8,789.3,28
"577",21.18,339.2,0,0,185.7,0,1069.2,754.3,7
"578",18.2,135.7,203.5,0,185.7,0,1076.2,759.3,28
"579",17.2,193.5,290.2,0,185.7,0,998.2,704.3,7
"580",22.63,203.5,135.7,0,185.7,0,1076.2,759.3,28
"581",21.86,290.2,193.5,0,185.7,0,998.2,704.3,7
"582",12.37,181.9,272.8,0,185.7,0,1012.4,714.3,7
"583",25.73,170.3,155.5,0,185.7,0,1026.6,724.3,28
"584",37.81,210.7,316.1,0,185.7,0,977,689.3,28
"585",21.92,228,342.1,0,185.7,0,955.8,674.3,7
"586",33.04,290.2,193.5,0,185.7,0,998.2,704.3,28
"587",14.54,381.4,0,0,185.7,0,1104.6,784.3,7
"588",26.91,238.2,158.8,0,185.7,0,1040.6,734.3,28
"589",8,186.2,124.1,0,185.7,0,1083.4,764.3,7
"590",31.9,339.2,0,0,185.7,0,1069.2,754.3,28
"591",10.34,238.1,0,0,185.7,0,1118.8,789.3,7
"592",19.77,252.5,0,0,185.7,0,1111.6,784.3,28
"593",37.44,382.5,0,0,185.7,0,1047.8,739.3,28
"594",11.48,252.5,0,0,185.7,0,1111.6,784.3,7
"595",24.44,316.1,210.7,0,185.7,0,977,689.3,7
"596",17.6,186.2,124.1,0,185.7,0,1083.4,764.3,28
"597",10.73,170.3,155.5,0,185.7,0,1026.6,724.3,7
"598",31.38,272.8,181.9,0,185.7,0,1012.4,714.3,28
"599",13.22,339,0,0,197,0,968,781,3
"600",20.97,339,0,0,197,0,968,781,7
"601",27.04,339,0,0,197,0,968,781,14
"602",32.04,339,0,0,197,0,968,781,28
"603",35.17,339,0,0,197,0,968,781,90
"604",36.45,339,0,0,197,0,968,781,180
"605",38.89,339,0,0,197,0,968,781,365
"606",6.47,236,0,0,194,0,968,885,3
"607",12.84,236,0,0,194,0,968,885,14
"608",18.42,236,0,0,194,0,968,885,28
"609",21.95,236,0,0,194,0,968,885,90
"610",24.1,236,0,0,193,0,968,885,180
"611",25.08,236,0,0,193,0,968,885,365
"612",21.26,277,0,0,191,0,968,856,14
"613",25.97,277,0,0,191,0,968,856,28
"614",11.36,277,0,0,191,0,968,856,3
"615",31.25,277,0,0,191,0,968,856,90
"616",32.33,277,0,0,191,0,968,856,180
"617",33.7,277,0,0,191,0,968,856,360
"618",9.31,254,0,0,198,0,968,863,3
"619",26.94,254,0,0,198,0,968,863,90
"620",27.63,254,0,0,198,0,968,863,180
"621",29.79,254,0,0,198,0,968,863,365
"622",34.49,307,0,0,193,0,968,812,180
"623",36.15,307,0,0,193,0,968,812,365
"624",12.54,307,0,0,193,0,968,812,3
"625",27.53,307,0,0,193,0,968,812,28
"626",32.92,307,0,0,193,0,968,812,90
"627",9.99,236,0,0,193,0,968,885,7
"628",7.84,200,0,0,180,0,1125,845,7
"629",12.25,200,0,0,180,0,1125,845,28
"630",11.17,225,0,0,181,0,1113,833,7
"631",17.34,225,0,0,181,0,1113,833,28
"632",17.54,325,0,0,184,0,1063,783,7
"633",30.57,325,0,0,184,0,1063,783,28
"634",14.2,275,0,0,183,0,1088,808,7
"635",24.5,275,0,0,183,0,1088,808,28
"636",15.58,300,0,0,184,0,1075,795,7
"637",26.85,300,0,0,184,0,1075,795,28
"638",26.06,375,0,0,186,0,1038,758,7
"639",38.21,375,0,0,186,0,1038,758,28
"640",43.7,400,0,0,187,0,1025,745,28
"641",30.14,400,0,0,187,0,1025,745,7
"642",12.73,250,0,0,182,0,1100,820,7
"643",20.87,250,0,0,182,0,1100,820,28
"644",20.28,350,0,0,186,0,1050,770,7
"645",34.29,350,0,0,186,0,1050,770,28
"646",19.54,203.5,305.3,0,203.5,0,963.4,630,7
"647",47.71,250.2,166.8,0,203.5,0,977.6,694.1,90
"648",43.38,157,236,0,192,0,935.4,781.2,90
"649",29.89,141.3,212,0,203.5,0,971.8,748.5,28
"650",6.9,166.8,250.2,0,203.5,0,975.6,692.6,3
"651",33.19,122.6,183.9,0,203.5,0,958.2,800.1,90
"652",4.9,183.9,122.6,0,203.5,0,959.2,800,3
"653",4.57,102,153,0,192,0,887,942,3
"654",25.46,102,153,0,192,0,887,942,90
"655",24.29,122.6,183.9,0,203.5,0,958.2,800.1,28
"656",33.95,166.8,250.2,0,203.5,0,975.6,692.6,28
"657",11.41,200,133,0,192,0,965.4,806.2,3
"658",20.59,108.3,162.4,0,203.5,0,938.2,849,28
"659",25.89,305.3,203.5,0,203.5,0,965.4,631,7
"660",29.23,108.3,162.4,0,203.5,0,938.2,849,90
"661",31.02,116,173,0,192,0,909.8,891.9,90
"662",10.39,141.3,212,0,203.5,0,971.8,748.5,7
"663",33.66,157,236,0,192,0,935.4,781.2,28
"664",27.87,133,200,0,192,0,927.4,839.2,28
"665",19.35,250.2,166.8,0,203.5,0,977.6,694.1,7
"666",11.39,173,116,0,192,0,946.8,856.8,7
"667",12.79,192,288,0,192,0,929.8,716.1,3
"668",39.32,192,288,0,192,0,929.8,716.1,28
"669",4.78,153,102,0,192,0,888,943.1,3
"670",16.11,288,192,0,192,0,932,717.8,3
"671",43.38,305.3,203.5,0,203.5,0,965.4,631,28
"672",20.42,236,157,0,192,0,972.6,749.1,7
"673",6.94,173,116,0,192,0,946.8,856.8,3
"674",15.03,212,141.3,0,203.5,0,973.4,750,7
"675",13.57,236,157,0,192,0,972.6,749.1,3
"676",32.53,183.9,122.6,0,203.5,0,959.2,800,90
"677",15.75,166.8,250.2,0,203.5,0,975.6,692.6,7
"678",7.68,102,153,0,192,0,887,942,7
"679",38.8,288,192,0,192,0,932,717.8,28
"680",33,212,141.3,0,203.5,0,973.4,750,28
"681",17.28,102,153,0,192,0,887,942,28
"682",24.28,173,116,0,192,0,946.8,856.8,28
"683",24.05,183.9,122.6,0,203.5,0,959.2,800,28
"684",36.59,133,200,0,192,0,927.4,839.2,90
"685",50.73,192,288,0,192,0,929.8,716.1,90
"686",13.66,133,200,0,192,0,927.4,839.2,7
"687",14.14,305.3,203.5,0,203.5,0,965.4,631,3
"688",47.78,236,157,0,192,0,972.6,749.1,90
"689",2.33,108.3,162.4,0,203.5,0,938.2,849,3
"690",16.89,157,236,0,192,0,935.4,781.2,7
"691",23.52,288,192,0,192,0,932,717.8,7
"692",6.81,212,141.3,0,203.5,0,973.4,750,3
"693",39.7,212,141.3,0,203.5,0,973.4,750,90
"694",17.96,153,102,0,192,0,888,943.1,28
"695",32.88,236,157,0,192,0,972.6,749.1,28
"696",22.35,116,173,0,192,0,909.8,891.9,28
"697",10.79,183.9,122.6,0,203.5,0,959.2,800,7
"698",7.72,108.3,162.4,0,203.5,0,938.2,849,7
"699",41.68,203.5,305.3,0,203.5,0,963.4,630,28
"700",9.56,203.5,305.3,0,203.5,0,963.4,630,3
"701",6.88,133,200,0,192,0,927.4,839.2,3
"702",50.53,288,192,0,192,0,932,717.8,90
"703",17.17,200,133,0,192,0,965.4,806.2,7
"704",30.44,200,133,0,192,0,965.4,806.2,28
"705",9.73,250.2,166.8,0,203.5,0,977.6,694.1,3
"706",3.32,122.6,183.9,0,203.5,0,958.2,800.1,3
"707",26.32,153,102,0,192,0,888,943.1,90
"708",43.25,200,133,0,192,0,965.4,806.2,90
"709",6.28,116,173,0,192,0,909.8,891.9,3
"710",32.1,173,116,0,192,0,946.8,856.8,90
"711",36.96,250.2,166.8,0,203.5,0,977.6,694.1,28
"712",54.6,305.3,203.5,0,203.5,0,965.4,631,90
"713",21.48,192,288,0,192,0,929.8,716.1,7
"714",9.69,157,236,0,192,0,935.4,781.2,3
"715",8.37,153,102,0,192,0,888,943.1,7
"716",39.66,141.3,212,0,203.5,0,971.8,748.5,90
"717",10.09,116,173,0,192,0,909.8,891.9,7
"718",4.83,141.3,212,0,203.5,0,971.8,748.5,3
"719",10.35,122.6,183.9,0,203.5,0,958.2,800.1,7
"720",43.57,166.8,250.2,0,203.5,0,975.6,692.6,90
"721",51.86,203.5,305.3,0,203.5,0,963.4,630,90
"722",11.85,310,0,0,192,0,1012,830,3
"723",17.24,310,0,0,192,0,1012,830,7
"724",27.83,310,0,0,192,0,1012,830,28
"725",35.76,310,0,0,192,0,1012,830,90
"726",38.7,310,0,0,192,0,1012,830,120
"727",14.31,331,0,0,192,0,1025,821,3
"728",17.44,331,0,0,192,0,1025,821,7
"729",31.74,331,0,0,192,0,1025,821,28
"730",37.91,331,0,0,192,0,1025,821,90
"731",39.38,331,0,0,192,0,1025,821,120
"732",15.87,349,0,0,192,0,1056,809,3
"733",9.01,349,0,0,192,0,1056,809,7
"734",33.61,349,0,0,192,0,1056,809,28
"735",40.66,349,0,0,192,0,1056,809,90
"736",40.86,349,0,0,192,0,1056,809,120
"737",12.05,238,0,0,186,0,1119,789,7
"738",17.54,238,0,0,186,0,1119,789,28
"739",18.91,296,0,0,186,0,1090,769,7
"740",25.18,296,0,0,186,0,1090,769,28
"741",30.96,297,0,0,186,0,1040,734,7
"742",43.89,480,0,0,192,0,936,721,28
"743",54.28,480,0,0,192,0,936,721,90
"744",36.94,397,0,0,186,0,1040,734,28
"745",14.5,281,0,0,186,0,1104,774,7
"746",22.44,281,0,0,185,0,1104,774,28
"747",12.64,500,0,0,200,0,1125,613,1
"748",26.06,500,0,0,200,0,1125,613,3
"749",33.21,500,0,0,200,0,1125,613,7
"750",36.94,500,0,0,200,0,1125,613,14
"751",44.09,500,0,0,200,0,1125,613,28
"752",52.61,540,0,0,173,0,1125,613,7
"753",59.76,540,0,0,173,0,1125,613,14
"754",67.31,540,0,0,173,0,1125,613,28
"755",69.66,540,0,0,173,0,1125,613,90
"756",71.62,540,0,0,173,0,1125,613,180
"757",74.17,540,0,0,173,0,1125,613,270
"758",18.13,350,0,0,203,0,974,775,7
"759",22.53,350,0,0,203,0,974,775,14
"760",27.34,350,0,0,203,0,974,775,28
"761",29.98,350,0,0,203,0,974,775,56
"762",31.35,350,0,0,203,0,974,775,90
"763",32.72,350,0,0,203,0,974,775,180
"764",6.27,385,0,0,186,0,966,763,1
"765",14.7,385,0,0,186,0,966,763,3
"766",23.22,385,0,0,186,0,966,763,7
"767",27.92,385,0,0,186,0,966,763,14
"768",31.35,385,0,0,186,0,966,763,28
"769",39,331,0,0,192,0,978,825,180
"770",41.24,331,0,0,192,0,978,825,360
"771",14.99,349,0,0,192,0,1047,806,3
"772",13.52,331,0,0,192,0,978,825,3
"773",24,382,0,0,186,0,1047,739,7
"774",37.42,382,0,0,186,0,1047,739,28
"775",11.47,382,0,0,186,0,1111,784,7
"776",22.44,281,0,0,186,0,1104,774,28
"777",21.16,339,0,0,185,0,1069,754,7
"778",31.84,339,0,0,185,0,1069,754,28
"779",14.8,295,0,0,185,0,1069,769,7
"780",25.18,295,0,0,185,0,1069,769,28
"781",17.54,238,0,0,185,0,1118,789,28
"782",14.2,296,0,0,192,0,1085,765,7
"783",21.65,296,0,0,192,0,1085,765,28
"784",29.39,296,0,0,192,0,1085,765,90
"785",13.52,331,0,0,192,0,879,825,3
"786",16.26,331,0,0,192,0,978,825,7
"787",31.45,331,0,0,192,0,978,825,28
"788",37.23,331,0,0,192,0,978,825,90
"789",18.13,349,0,0,192,0,1047,806,7
"790",32.72,349,0,0,192,0,1047,806,28
"791",39.49,349,0,0,192,0,1047,806,90
"792",41.05,349,0,0,192,0,1047,806,180
"793",42.13,349,0,0,192,0,1047,806,360
"794",18.13,302,0,0,203,0,974,817,14
"795",26.74,302,0,0,203,0,974,817,180
"796",61.92,525,0,0,189,0,1125,613,180
"797",47.22,500,0,0,200,0,1125,613,90
"798",51.04,500,0,0,200,0,1125,613,180
"799",55.16,500,0,0,200,0,1125,613,270
"800",41.64,540,0,0,173,0,1125,613,3
"801",13.71,252,0,0,185,0,1111,784,7
"802",19.69,252,0,0,185,0,1111,784,28
"803",31.65,339,0,0,185,0,1060,754,28
"804",19.11,393,0,0,192,0,940,758,3
"805",39.58,393,0,0,192,0,940,758,28
"806",48.79,393,0,0,192,0,940,758,90
"807",24,382,0,0,185,0,1047,739,7
"808",37.42,382,0,0,185,0,1047,739,28
"809",11.47,252,0,0,186,0,1111,784,7
"810",19.69,252,0,0,185,0,1111,784,28
"811",14.99,310,0,0,192,0,970,850,7
"812",27.92,310,0,0,192,0,970,850,28
"813",34.68,310,0,0,192,0,970,850,90
"814",37.33,310,0,0,192,0,970,850,180
"815",38.11,310,0,0,192,0,970,850,360
"816",33.8,525,0,0,189,0,1125,613,3
"817",42.42,525,0,0,189,0,1125,613,7
"818",48.4,525,0,0,189,0,1125,613,14
"819",55.94,525,0,0,189,0,1125,613,28
"820",58.78,525,0,0,189,0,1125,613,90
"821",67.11,525,0,0,189,0,1125,613,270
"822",20.77,322,0,0,203,0,974,800,14
"823",25.18,322,0,0,203,0,974,800,28
"824",29.59,322,0,0,203,0,974,800,180
"825",21.75,302,0,0,203,0,974,817,28
"826",39.09,397,0,0,185,0,1040,734,28
"827",24.39,480,0,0,192,0,936,721,3
"828",50.51,522,0,0,146,0,896,896,7
"829",74.99,522,0,0,146,0,896,896,28
"830",37.17,273,105,82,210,9,904,680,28
"831",33.76,162,190,148,179,19,838,741,28
"832",16.5,154,144,112,220,10,923,658,28
"833",19.99,147,115,89,202,9,860,829,28
"834",36.35,152,178,139,168,18,944,695,28
"835",33.69,310,143,111,168,22,914,651,28
"836",15.42,144,0,175,158,18,943,844,28
"837",33.42,304,140,0,214,6,895,722,28
"838",39.05,374,0,0,190,7,1013,730,28
"839",27.68,159,149,116,175,15,953,720,28
"840",26.86,153,239,0,200,6,1002,684,28
"841",45.3,310,143,0,168,10,914,804,28
"842",30.12,305,0,100,196,10,959,705,28
"843",15.57,151,0,184,167,12,991,772,28
"844",44.61,142,167,130,174,11,883,785,28
"845",53.52,298,137,107,201,6,878,655,28
"846",57.21,321,164,0,190,5,870,774,28
"847",65.91,366,187,0,191,7,824,757,28
"848",52.82,280,129,100,172,9,825,805,28
"849",33.4,252,97,76,194,8,835,821,28
"850",18.03,165,0,150,182,12,1023,729,28
"851",37.36,156,243,0,180,11,1022,698,28
"852",32.84,160,188,146,203,11,829,710,28
"853",42.64,298,0,107,186,6,879,815,28
"854",40.06,318,0,126,210,6,861,737,28
"855",41.94,287,121,94,188,9,904,696,28
"856",61.23,326,166,0,174,9,882,790,28
"857",40.87,356,0,142,193,11,801,778,28
"858",33.3,132,207,161,179,5,867,736,28
"859",52.42,322,149,0,186,8,951,709,28
"860",15.09,164,0,200,181,13,849,846,28
"861",38.46,314,0,113,170,10,925,783,28
"862",37.26,321,0,128,182,11,870,780,28
"863",35.23,140,164,128,237,6,869,656,28
"864",42.13,288,121,0,177,7,908,829,28
"865",31.87,298,0,107,210,11,880,744,28
"866",41.54,265,111,86,195,6,833,790,28
"867",39.45,160,250,0,168,12,1049,688,28
"868",37.91,166,260,0,183,13,859,827,28
"869",44.28,276,116,90,180,9,870,768,28
"870",31.18,322,0,116,196,10,818,813,28
"871",23.69,149,139,109,193,6,892,780,28
"872",32.76,159,187,0,176,11,990,789,28
"873",32.4,261,100,78,201,9,864,761,28
"874",28.63,237,92,71,247,6,853,695,28
"875",36.8,313,0,113,178,8,1002,689,28
"876",18.28,155,183,0,193,9,1047,697,28
"877",33.06,146,230,0,202,3,827,872,28
"878",31.42,296,0,107,221,11,819,778,28
"879",31.03,133,210,0,196,3,949,795,28
"880",44.39,313,145,0,178,8,867,824,28
"881",12.18,152,0,112,184,8,992,816,28
"882",25.56,153,145,113,178,8,1002,689,28
"883",36.44,140,133,103,200,7,916,753,28
"884",32.96,149,236,0,176,13,847,893,28
"885",23.84,300,0,120,212,10,878,728,28
"886",26.23,153,145,113,178,8,867,824,28
"887",17.95,148,0,137,158,16,1002,830,28
"888",40.68,326,0,138,199,11,801,792,28
"889",19.01,153,145,0,178,8,1000,822,28
"890",33.72,262,111,86,195,5,895,733,28
"891",8.54,158,0,195,220,11,898,713,28
"892",13.46,151,0,185,167,16,1074,678,28
"893",32.24,273,0,90,199,11,931,762,28
"894",23.52,149,118,92,183,7,953,780,28
"895",29.72,143,169,143,191,8,967,643,28
"896",49.77,260,101,78,171,10,936,763,28
"897",52.44,313,161,0,178,10,917,759,28
"898",40.93,284,120,0,168,7,970,794,28
"899",44.86,336,0,0,182,3,986,817,28
"900",13.2,145,0,134,181,11,979,812,28
"901",37.43,150,237,0,174,12,1069,675,28
"902",29.87,144,170,133,192,8,814,805,28
"903",56.61,331,170,0,195,8,811,802,28
"904",12.46,155,0,143,193,9,1047,697,28
"905",23.79,155,183,0,193,9,877,868,28
"906",13.29,135,0,166,180,10,961,805,28
"907",39.42,266,112,87,178,10,910,745,28
"908",46.23,314,145,113,179,8,869,690,28
"909",44.52,313,145,0,127,8,1000,822,28
"910",23.74,146,173,0,182,3,986,817,28
"911",26.14,144,136,106,178,7,941,774,28
"912",15.52,148,0,182,181,15,839,884,28
"913",43.57,277,117,91,191,7,946,666,28
"914",35.86,298,0,107,164,13,953,784,28
"915",41.05,313,145,0,178,8,1002,689,28
"916",28.99,155,184,143,194,9,880,699,28
"917",46.24,289,134,0,195,6,924,760,28
"918",26.92,148,175,0,171,2,1000,828,28
"919",10.54,145,0,179,202,8,824,869,28
"920",25.1,313,0,0,178,8,1000,822,28
"921",29.07,136,162,126,172,10,923,764,28
"922",9.74,155,0,143,193,9,877,868,28
"923",33.8,255,99,77,189,6,919,749,28
"924",39.84,162,207,172,216,10,822,638,28
"925",26.97,136,196,98,199,6,847,783,28
"926",27.23,164,163,128,197,8,961,641,28
"927",30.65,162,214,164,202,10,820,680,28
"928",33.05,157,214,152,200,9,819,704,28
"929",24.58,149,153,194,192,8,935,623,28
"930",21.91,135,105,193,196,6,965,643,28
"931",30.88,159,209,161,201,7,848,669,28
"932",15.34,144,15,195,176,6,1021,709,28
"933",24.34,154,174,185,228,7,845,612,28
"934",23.89,167,187,195,185,7,898,636,28
"935",22.93,184,86,190,213,6,923,623,28
"936",29.41,156,178,187,221,7,854,614,28
"937",28.63,236.9,91.7,71.5,246.9,6,852.9,695.4,28
"938",36.8,313.3,0,113,178.5,8,1001.9,688.7,28
"939",18.29,154.8,183.4,0,193.3,9.1,1047.4,696.7,28
"940",32.72,145.9,230.5,0,202.5,3.4,827,871.8,28
"941",31.42,296,0,106.7,221.4,10.5,819.2,778.4,28
"942",28.94,133.1,210.2,0,195.7,3.1,949.4,795.3,28
"943",40.93,313.3,145,0,178.5,8,867.2,824,28
"944",12.18,151.6,0,111.9,184.4,7.9,992,815.9,28
"945",25.56,153.1,145,113,178.5,8,1001.9,688.7,28
"946",36.44,139.9,132.6,103.3,200.3,7.4,916,753.4,28
"947",32.96,149.5,236,0,175.8,12.6,846.8,892.7,28
"948",23.84,299.8,0,119.8,211.5,9.9,878.2,727.6,28
"949",26.23,153.1,145,113,178.5,8,867.2,824,28
"950",17.96,148.1,0,136.6,158.1,16.1,1001.8,830.1,28
"951",38.63,326.5,0,137.9,199,10.8,801.1,792.5,28
"952",19.01,152.7,144.7,0,178.1,8,999.7,822.2,28
"953",33.72,261.9,110.5,86.1,195.4,5,895.2,732.6,28
"954",8.54,158.4,0,194.9,219.7,11,897.7,712.9,28
"955",13.46,150.7,0,185.3,166.7,15.6,1074.5,678,28
"956",32.25,272.6,0,89.6,198.7,10.6,931.3,762.2,28
"957",23.52,149,117.6,91.7,182.9,7.1,953.4,780.3,28
"958",29.73,143,169.4,142.7,190.7,8.4,967.4,643.5,28
"959",49.77,259.9,100.6,78.4,170.6,10.4,935.7,762.9,28
"960",52.45,312.9,160.5,0,177.6,9.6,916.6,759.5,28
"961",40.93,284,119.7,0,168.3,7.2,970.4,794.2,28
"962",44.87,336.5,0,0,181.9,3.4,985.8,816.8,28
"963",13.2,144.8,0,133.6,180.8,11.1,979.5,811.5,28
"964",37.43,150,236.8,0,173.8,11.9,1069.3,674.8,28
"965",29.87,143.7,170.2,132.6,191.6,8.5,814.1,805.3,28
"966",56.62,330.5,169.6,0,194.9,8.1,811,802.3,28
"967",12.46,154.8,0,142.8,193.3,9.1,1047.4,696.7,28
"968",23.79,154.8,183.4,0,193.3,9.1,877.2,867.7,28
"969",13.29,134.7,0,165.7,180.2,10,961,804.9,28
"970",39.42,266.2,112.3,87.5,177.9,10.4,909.7,744.5,28
"971",46.23,314,145.3,113.2,178.9,8,869.1,690.2,28
"972",44.52,312.7,144.7,0,127.3,8,999.7,822.2,28
"973",23.74,145.7,172.6,0,181.9,3.4,985.8,816.8,28
"974",26.15,143.8,136.3,106.2,178.1,7.5,941.5,774.3,28
"975",15.53,148.1,0,182.1,181.4,15,838.9,884.3,28
"976",43.58,277,116.8,91,190.6,7,946.5,665.6,28
"977",35.87,298.1,0,107.5,163.6,12.8,953.2,784,28
"978",41.05,313.3,145,0,178.5,8,1001.9,688.7,28
"979",28.99,155.2,183.9,143.2,193.8,9.2,879.6,698.5,28
"980",46.25,289,133.7,0,194.9,5.5,924.1,760.1,28
"981",26.92,147.8,175.1,0,171.2,2.2,1000,828.5,28
"982",10.54,145.4,0,178.9,201.7,7.8,824,868.7,28
"983",25.1,312.7,0,0,178.1,8,999.7,822.2,28
"984",29.07,136.4,161.6,125.8,171.6,10.4,922.6,764.4,28
"985",9.74,154.8,0,142.8,193.3,9.1,877.2,867.7,28
"986",33.8,255.3,98.8,77,188.6,6.5,919,749.3,28
"987",37.17,272.8,105.1,81.8,209.7,9,904,679.7,28
"988",33.76,162,190.1,148.1,178.8,18.8,838.1,741.4,28
"989",16.5,153.6,144.2,112.3,220.1,10.1,923.2,657.9,28
"990",19.99,146.5,114.6,89.3,201.9,8.8,860,829.5,28
"991",36.35,151.8,178.1,138.7,167.5,18.3,944,694.6,28
"992",38.22,309.9,142.8,111.2,167.8,22.1,913.9,651.2,28
"993",15.42,143.6,0,174.9,158.4,17.9,942.7,844.5,28
"994",33.42,303.6,139.9,0,213.5,6.2,895.5,722.5,28
"995",39.06,374.3,0,0,190.2,6.7,1013.2,730.4,28
"996",27.68,158.6,148.9,116,175.1,15,953.3,719.7,28
"997",26.86,152.6,238.7,0,200,6.3,1001.8,683.9,28
"998",45.3,310,142.8,0,167.9,10,914.3,804,28
"999",30.12,304.8,0,99.6,196,9.8,959.4,705.2,28
"1000",15.57,150.9,0,183.9,166.6,11.6,991.2,772.2,28
"1001",44.61,141.9,166.6,129.7,173.5,10.9,882.6,785.3,28
"1002",53.52,297.8,137.2,106.9,201.3,6,878.4,655.3,28
"1003",57.22,321.3,164.2,0,190.5,4.6,870,774,28
"1004",65.91,366,187,0,191.3,6.6,824.3,756.9,28
"1005",52.83,279.8,128.9,100.4,172.4,9.5,825.1,804.9,28
"1006",33.4,252.1,97.1,75.6,193.8,8.3,835.5,821.4,28
"1007",18.03,164.6,0,150.4,181.6,11.7,1023.3,728.9,28
"1008",37.36,155.6,243.5,0,180.3,10.7,1022,697.7,28
"1009",35.31,160.2,188,146.4,203.2,11.3,828.7,709.7,28
"1010",42.64,298.1,0,107,186.4,6.1,879,815.2,28
"1011",40.06,317.9,0,126.5,209.7,5.7,860.5,736.6,28
"1012",43.8,287.3,120.5,93.9,187.6,9.2,904.4,695.9,28
"1013",61.24,325.6,166.4,0,174,8.9,881.6,790,28
"1014",40.87,355.9,0,141.6,193.3,11,801.4,778.4,28
"1015",33.31,132,206.5,160.9,178.9,5.5,866.9,735.6,28
"1016",52.43,322.5,148.6,0,185.8,8.5,951,709.5,28
"1017",15.09,164.2,0,200.1,181.2,12.6,849.3,846,28
"1018",38.46,313.8,0,112.6,169.9,10.1,925.3,782.9,28
"1019",37.27,321.4,0,127.9,182.5,11.5,870.1,779.7,28
"1020",35.23,139.7,163.9,127.7,236.7,5.8,868.6,655.6,28
"1021",42.14,288.4,121,0,177.4,7,907.9,829.5,28
"1022",31.88,298.2,0,107,209.7,11.1,879.6,744.2,28
"1023",41.54,264.5,111,86.5,195.5,5.9,832.6,790.4,28
"1024",39.46,159.8,250,0,168.4,12.2,1049.3,688.2,28
"1025",37.92,166,259.7,0,183.2,12.7,858.8,826.8,28
"1026",44.28,276.4,116,90.3,179.6,8.9,870.1,768.3,28
"1027",31.18,322.2,0,115.6,196,10.4,817.9,813.4,28
"1028",23.7,148.5,139.4,108.6,192.7,6.1,892.4,780,28
"1029",32.77,159.1,186.7,0,175.6,11.3,989.6,788.9,28
"1030",32.4,260.9,100.5,78.3,200.6,8.6,864.5,761.5,28
